,X1001000180.G9,X1001000180.G12,X1001000180.E4,X1001000180.H9,X1001000180.H11,X1001000180.B1,X1001000180.G4,X1001000180.F10,X1001000180.H6,X1001000181.D8,X1001000181.E1,X1001000181.F12,X1001000181.E3,X1001000181.D2,X1001000181.C4,X1001000181.F6,X1001000181.D1,X1001000186.B4,X1001000186.E9,X1001000186.H6,X1001000187.G3,X1001000187.D2,X1001000187.H1,X1001000187.E3,X1001000187.F4,X1001000187.F9,X1001000018.D10,X1001000018.F11,X1001000028.D10,X1001000232.E4,X1001000253.G6,X1001000253.H2,X1001000253.B11,X1001000253.E5,X1001000253.E12,X1001000253.G12,X1001000253.E9,X1001000253.H5,X1001000253.H1,X1001000253.E4,X1001000253.D8,X1001000253.C10,X1001000253.C4,X1001000253.G1,X1001000253.A8,X1001000253.H4,X1001000253.D5,X1001000253.C6,X1001000253.G7,X1001000254.G7,X1001000254.C11,X1001000254.G10,X1001000254.D10,X1001000254.E1,X1001000254.A10,X1001000254.F4,X1001000254.F12,X1001000254.F3,X1001000254.A5,X1001000254.G8,X1001000254.B5,X1001000254.B8,X1001000254.D12,X1001000255.H1,X1001000255.G10,X1001000255.B6,X1001000255.A1,X1001000255.D8,X1001000255.F7,X1001000255.B8,X1001000255.B5,X1001000255.H8,X1001000255.E5,X1001000255.G5,X1001000255.C10,X1001000255.A2,X1001000255.E9,X1001000255.E8,X1001000255.A4,X1001000255.E6,X1001000267.F5,X1001000267.C7,X1001000267.H11,X1001000267.E8,X1001000267.H10,X1001000267.B4,X1001000267.A1,X1001000267.G10,X1001000175.H9,X1001000186.D2,X1001000186.E7,X1001000186.F1,X1001000186.E11,X1001000186.F5,X1001000186.D5,X1001000186.D3,X1001000187.G10,X1001000187.C7,X1001000187.E4,X1001000187.F6,X1001000187.G5,X1001000187.A2,X1001000187.C6,X1001000187.E9,X1001000187.H11,X1001000187.E12,X1001000187.F10,X1001000187.F3,X1001000249.H2,Sample_4554_DH_3_ACGGGTCTCTCACCCA-1,Sample_4554_DH_3_AGGAAATAGCGCCCAT-1,Sample_4554_DH_3_AGGACGAGTGCCCGTA-1,Sample_4554_DH_3_ATCCATTTCGTTATCT-1,Sample_4554_DH_3_ATTCTTGTCGTAACCA-1,Sample_4554_DH_3_CACAACAGTTAAGAAC-1,Sample_4554_DH_3_CATCGCTGTCTGCATA-1,Sample_4554_DH_3_CGGGACTTCCATAGGT-1,Sample_4554_DH_3_CTCCCAAAGACATAAC-1,Sample_4554_DH_3_CTTTCGGCAAGTTTGC-1,Sample_4554_DH_3_GAAGGACGTTCGAGCC-1,Sample_4554_DH_3_GAGGCAATCGCCGATG-1,Sample_4554_DH_3_GAGTTTGCAGTGAGCA-1,Sample_4554_DH_3_GGCGTCAAGAGTGGCT-1,Sample_4554_DH_3_GGGTTTACAGAAATTG-1,Sample_4554_DH_3_GTACAGTTCTTGGTGA-1,Sample_4554_DH_3_GTCAGCGCATTGTGCA-1,Sample_4554_DH_3_GTTGCTCAGGTAGGCT-1,Sample_4554_DH_3_TACGTCCAGGAACTAT-1,Sample_4554_DH_3_TCTTTGACAAGCAGGT-1,Sample_4554_DH_3_TGAGTCATCTTGATTC-1,Sample_4554_DH_3_TGCGACGGTAACTTCG-1,Sample_4554_DH_2_AACAACCCACAAGTTC-1,Sample_4554_DH_2_AACACACGTATCGTGT-1,Sample_4554_DH_2_AATCGACCACAAAGCG-1,Sample_4554_DH_2_ACACGCGAGGTATAGT-1,Sample_4554_DH_2_ACACGCGCAGCGTTGC-1,Sample_4554_DH_2_ACCAAACTCAAGAGTA-1,Sample_4554_DH_2_ACCGTTCAGTCTGCGC-1,Sample_4554_DH_2_ACGCACGAGGACCCAA-1,Sample_4554_DH_2_ACTCCCAAGCGCATCC-1,Sample_4554_DH_2_AGAAATGAGATTGACA-1,Sample_4554_DH_2_AGACCATCAGACACAG-1,Sample_4554_DH_2_AGGACTTAGAATACAC-1,Sample_4554_DH_2_AGGGCTCGTGTCTTGA-1,Sample_4554_DH_2_ATACTTCTCTGAATGC-1,Sample_4554_DH_2_ATCACGAGTTATAGAG-1,Sample_4554_DH_2_ATTCCCGGTTGCGAAG-1,Sample_4554_DH_2_CACAGATCACGACAAG-1,Sample_4554_DH_2_CAGCAATCATAGATGA-1,Sample_4554_DH_2_CAGTTCCAGAGACAAG-1,Sample_4554_DH_2_CATCCACTCTCTCGAC-1,Sample_4554_DH_2_CCACAAACAGCGGTTC-1,Sample_4554_DH_2_CCCTCAATCAATCTCT-1,Sample_4554_DH_2_CCGCAAGTCGCGTGCA-1,Sample_4554_DH_2_CGGGCATTCCGAGAAG-1,Sample_4554_DH_2_CTACCTGCAGTCGGTC-1,Sample_4554_DH_2_CTCAGGGGTTTAGACC-1,Sample_4554_DH_2_CTCAGTCGTCTCGCGA-1,Sample_4554_DH_2_GACATCAAGAGTCAAT-1,Sample_4554_DH_2_GAGGCCTCAAGAAACT-1,Sample_4554_DH_2_GAGGGATAGATTAGTG-1,Sample_4554_DH_2_GATAGCTGTGGATGAC-1,Sample_4554_DH_2_GATTCTTGTATTGCCA-1,Sample_4554_DH_2_GCGAGAAGTGAGCAGT-1,Sample_4554_DH_2_GGTGAAGTCTTAATCC-1,Sample_4554_DH_2_TACGCTCGTAACACCT-1,Sample_4554_DH_2_TACGCTCGTATAGGGC-1,Sample_4554_DH_2_TCAAGTGCATCGGAGA-1,Sample_4554_DH_2_TCATGCCAGGTCATAA-1,Sample_4554_DH_2_TCATGCCGTGTTAAAG-1,Sample_4554_DH_2_TCATGTTTCGCACTCT-1,Sample_4554_DH_2_TCGGGTGCAGGCTCTG-1,Sample_4554_DH_2_TGAGGAGTCATCACCC-1,Sample_4554_DH_2_TTCATTGGTTGCATTG-1,Sample_4554_DH_2_TTCTTGACACTCAGAT-1,Sample_4554_DH_2_TTTACTGTCCACATAG-1
PHGDH_a,2.31937090436422,0,2.70799220949648,2.77370730247656,2.86798601365223,3.08225757821161,0,2.38449981663466,1.29115264060924,1.82675230368605,0,0,0,3.02794241039595,0,2.02662763422471,2.98171826469771,0,2.88416856847468,2.58083246636272,1.15832019629429,2.18873868227123,1.28111533292842,3.37838568418479,0,1.86306252726444,0,0,0,0,2.07566689270374,2.42644618455894,1.10747785010488,1.74696755172332,1.77023600310781,1.73243722146808,1.44755631086311,0,2.60662358854742,0,0,0,0,0,1.27560651002216,2.6674046218815,0,0.407472914434227,2.59889644173549,1.48192011888411,1.58626572165783,2.05708720561704,1.31639359577164,2.06007105930522,0.840760249363685,0.469809179952462,1.36226659878619,1.17055498896984,1.86115332982684,2.79085025056786,1.27544315709923,1.9031764095783,0,0.197800856647571,2.39716831725603,2.19280407145921,1.8694491498443,0.0769277010952947,0,2.17923281178375,2.85408651047525,0,0.0652784954741082,3.35144633659035,0,1.78611074744478,2.18816722762326,2.59531432654203,0.838811742052375,0,1.07314963137767,0,0,0,2.27047136259082,0,1.90873333213513,0.797570460424886,0,0,0,0,0,0,0,0,0,0,0,0,0,0,0,0,0,0,0,0,0,0,0,0,0,0,0,0,0,0,0,0,0,0,0,0,0,0,0,0,0,0,0,0,0,0,0,0,0,0,0,0,0,0,0,0,0,0,0,0,0,0,0,0,0,0,0,0,0,0,0,0,0,0,0,0,0,0,0,0,0,0,0,0,0,0,0,0
PSAT1_a,2.87481142065238,0,2.25174705757047,1.9289950950339,1.81388393046572,0,0.128303972686927,2.1188781416177,1.99778299168346,2.41626231548455,3.16598861151518,0,0.872818142970835,2.89102099324429,0.643800181224641,3.03432236761098,3.39554321829381,2.91381699296248,0,2.06580975886975,3.09555535787446,1.5788735329412,2.73001693324534,2.34707312382175,2.05362654740765,2.10885712233695,2.62900892378766,0,0,2.88968098441809,3.34038233526587,1.07661713959817,2.98121558598655,1.22129745193812,2.4704017878189,1.40600263301351,2.77430711510853,0,2.03961391320275,0.0982123684112844,3.4513584383945,2.4011155410965,1.68301360217415,0.121662434968891,1.66995818305364,0,3.40939073890901,1.91713385605719,2.25776406750432,2.44187116057049,0,3.02819568343249,2.98894039626192,3.31771935517896,0,0,0,2.87499531534746,2.45815624116028,2.42497223796051,3.31944001448991,0,1.99648438664508,2.14863739175871,0.176327120662464,2.88345024234388,1.66125129320575,1.19274266735141,2.77136009765303,1.91261323846733,0.120565859780046,3.31243673003088,2.2583139926417,2.00803130783585,2.86259636030125,2.96854780599025,1.22844712544034,2.81016563678833,2.72778975650629,0,0.138059915917652,0,0,0,2.8977090756961,0,2.5958669846432,1.99536651113745,0,0,0,0,0,0,0,0,0,0,0,0,0,0,0,0,0,0,0,0,0,0,0,0,0,0,0,0,0,0,0,0,0,0,0,0,0,0,0,0,0,0,0,0,0,0,0,0,0,0,0,0,0,0,0,0,0,0,0,0,0,0,0,0,0,0,0,0,0,0,0,0,0,0,0,0,0,0,0,0,0,0,0,0,0,0,0,0
PSPH_a,0,0,0,0,0,0,0,0.255276912086245,0.0241231303867872,0,0,0,0.265488943468817,0.207614061929031,0,0,0,0,0,0,0.312148821493755,0,0.0984281130607288,0.153161250903654,0,0.0736213548696975,0,0,0,0,1.33445789866831,0,0,0,0.228277259237159,0,0,0.245800667199303,0.30416242059396,0,0,0,0,0,1.58980299002394,0,0.16664549836605,0.0649152920227941,1.35544793098326,0,0,0,0,0,0.15614085886221,0,0.370845964976311,0,0,0.119030144816537,0.501903229052736,0,0,0,0,0,0.0426087653277848,0,0.511504743145333,0,0.413790455349619,0,0,0,0,0,0,0.157145052411705,0,0,0,0.0496953454387538,0,0,0,0.398576083534897,1.7945719309964,0.341256121224805,0,0,0,0,0,0,0,0,0,0,0,0,0,0,0,0,0,0,0,0,0,0,0,0,0,0,0,0,0,0,0,0,0,0,0,0,0,0,0,0,0,0,0,0,0,0,0,0,0,0,0,0,0,0,0,0,0,0,0,0,0,0,0,0,0,0,0,0,0,0,0,0,0,0,0,0,0,0,0,0,0,0,0,0,0,0,0,0
SHMT1_a,0,0,0,0,0,0,2.56013411845238,0,0,0,0,0,0.0250233250265666,0,0,0,0,0,0,0,0,0,0,2.08371967882332,0,0,0,0,0,0,0,0,0,0,0,0,0,0,0,0,0,0,0,0,0.526164911391074,0,0,1.18794508345857,0,0,0,1.47985306466914,0,0,0,0,0,0,0,0,0,0,0,0,0,0,0,0,0,0,0,0,0.0134010563311374,0,0,0,0,0,0,0,0,0,0,0,0,0,0,0,0,0,0,0,0,0,0,0,0,0,0,0,0,0,0,0,0,0,0,0,0,0,0,0,0,0,0,0,0,0,0,0,0,0,0,0,0,0,0,0,0,0,0,0,0,0,0,0,0,0,0,0,0,0,0,0,0,0,0,0,0,0,0,0,0,0,0,0,0,0,0,0,0,0,0,0,0,0,0,0,0,0,0,0,0,0,0,0
SHMT2_a,2.63416992347636,0,0.471193138805529,0,0,0,0,0,0,1.47055448530689,0,0,0,0,0,0.06259225451785,0,0,0,0,0,0,0,0,0,0,0,0,0,0,0,0,0,0,0,0,0,0,0,0,0,0,0,0,0,0,0,0,0,0,0,0,0,0,0.265577203283395,0,0,0,0,0,0,0,0,0,0,0,0,0,0,0,0,0,0,0,0,0,0,0,0,0,0,2.81498157143461,0,0,0,0,0,0,0,0,0,0,0,0,0,0,0,0,0,0,0,0,0,0,0,0,0,0,0,0,0,0,0,0,0,0,0,0,0,0,0,0,0,0,0,0,0,0,0,0,0,0,0,0,0,0,0,0,0,0,0,0,0,0,0,0,0,0,0,0,0,0,0,0,0,0,0,0,0,0,0,0,0,0,0,0,0,0,0,0,0,0,0,0,0,0
SDS_a,1.51893917761134,2.26886764408289,0,1.84695279385418,0.87309938887929,0,0.0789397505030821,0,0,0,0,0,0.11928872955583,1.64774243396637,1.80678799481131,1.4917668849561,0,0,0,0,0,0,0,0,0,0,0,0,0,0,0,1.5829850774993,0,0,0.537846637306683,0.570925173372935,0,1.10860402781091,0.612092668478081,0,0.482352505261916,0,0,0,0,1.06830766265649,0,1.42364449711551,0.697489927533828,0,1.71073913410309,0.571531557708954,1.33498633007638,0,0,0.537738549495628,0.907825650432364,0.740140598630614,0.590959412676708,0,1.0462457050039,0,0.421622767084468,1.4917427025383,0,0,0,0.858402215503079,0,2.02887472461447,0,0,0.915301873924415,1.2644506252687,0,1.330945772912,0.0544163032914088,1.26164041462735,0,0,0,0,0,0,1.19142655960255,0,0,0,0,0,0,0,0,0,0,0,0,0,0,0,0,0,0,0,0,0,0,0,0,0,0,0,0,0,0,0,0,0,0,0,0,0,0,0,0,0,0,0,0,0,0,0,0,0,0,0,0,0,0,0,0,0,0,0,0,0,0,0,0,0,0,0,0,0,0,0,0,0,0,0,0,0,0,0,0,0,0,0,0,0,0,0,0,0,0,0
SDSL_a,0,0,1.14288101504623,0,0,0,0,0,0,1.96114301860317,0,0,0,0,0,0,0,0,0,0,0,0,1.08696691052891,0,0,0,0,0,0,0,0,0,0.0900836459066719,0,0,0,0,0,0,0,0,0,0,0,0,0,0,0,0,0,0,0.14340353492306,0,0,0,0,0,0,0,0,0,0,0,0,0,0,0,0,0,1.94426934806782,0,0,0,0,0,0,0,1.09842650758576,0,0,0,0,0,0,0,0,0,0,0,0,0,0,0,0,0,0,0,0,0,0,0,0,0,0,0,0,0,0,0,0,0,0,0,0,0,0,0,0,0,0,0,0,0,0,0,0,0,0,0,0,0,0,0,0,0,0,0,0,0,0,0,0,0,0,0,0,0,0,0,0,0,0,0,0,0,0,0,0,0,0,0,0,0,0,0,0,0,0,0,0,0,0,0,0,0,0
SRR_a,0,0,0,0,0,0,0,0,0,0,0,0,0,0,0,0,0,0,0,0.123341075147421,0,0,0,0,0,0,0,0,0,0,0,0,0,0,1.20489098493481,0,0,0,0.827961399285464,0,0,0,0,0,0,0,0,0,0,0,0,0,0,0,0,2.17429205311465,0,0,0,0,0,0,1.03604005091284,0,0,0,0,0,0,0,0,0,0,0,0,0,0,0,0,0,0,1.77347389918578,0,0,0,0,0,0,0,0,0,0,0,0,0,0,0,0,0,0,0,0,0,0,0,0,0,0,0,0,0,0,0,0,0,0,0,0,0,0,0,0,0,0,0,0,0,0,0,0,0,0,0,0,0,0,0,0,0,0,0,0,0,0,0,0,0,0,0,0,0,0,0,0,0,0,0,0,0,0,0,0,0,0,0,0,0,0,0,0,0,0,0,0,0,0
CBS_a,0,0,0,1.59833569547037,0,1.36200236736311,2.40968834084206,0,0.0241231303867872,2.42068437484551,0,0.157061066066048,0.536196845012299,0,0,1.76916972807002,3.0683873889126,1.51369544960317,0,2.10655332106174,1.67306079789266,0,0,0.17075662061893,0,0,0,0,0,0,0.55929989955026,0,2.05850786295021,2.48040502816978,0,0.350619903719781,0.440163184020959,0,0.989010825657852,0,0.312101336649472,0,0.0485926339603622,0.263801591181636,0.342995717492796,0,0,0.90644639066884,1.32321747463431,0,0,0.0742701395920947,1.38000977974018,1.60450636890081,0,0.371402635577084,0.0260666962614641,0.629666327467497,1.52191247876188,0.910371450613207,0.0783330338850026,0,1.49543126165386,0,0,2.07105236929103,0.376420895861789,2.01489372944464,2.65532697248382,0.0356509681320215,0.0418247035577481,1.01558963714803,0,2.22591131086288,0,1.62169148404443,0,1.22482940060409,0,0,0,0,1.5742096747077,0,0.637599362045386,0.115491963273078,0.037581808659382,0.156545482820314,0,0,0,0,0,0,0,0,0,0,0,0,0,0,0,0,0,0,0,0,0,0,0,0,0,0,0,0,0,0,0,0,0,0,0,0,0,0,0,0,0,0,0,0,0,0,0,0,0,0,0,0,0,0,0,0,0,0,0,0,0,0,0,0,0,0,0,0,0,0,0,0,0,0,0,0,0,0,0,0,0,0,0,0,0,0,0,0
SPTLC1_a,0,0,0,1.60530928116369,0,0,0.790594674349472,0,0,2.2291779138181,0.643153311568897,0.645544088255117,0,0,0,1.21443720755647,0,0,0,0,1.73238160940223,0,0.702886771324618,1.30551390070079,0,0,0,0,0,0,0,0,0,0,0.0280942605259737,0,1.25407248795891,0,1.8869112822141,0,0,0,0,0,0,0,0.290253079713393,0,1.19029065901845,0.626519740971837,0,0.786188816703772,1.66863354228711,2.24660917250143,0,0,0,0,0.327820105086754,0,0,0,0,0,0,1.74121719761583,0,1.82968605224958,0.725066564764754,2.88350092553701,1.7476327802934,0,0,2.5044831088927,0,0,2.09353487838774,0,2.03243967380086,0,0,0,0,0,1.61464215824216,0,0.936495583817751,0,0,0,0,0,0,0,0,0,0,0,0,0,0,0,0,0,0,0,0,0,0,0,0,0,0,0,0,0,0,0,0,0,0,0,0,0,0,0,0,0,0,0,0,0,0,0,0,0,0,0,0,0,0,0,0,0,0,0,0,0,0,0,0,0,0,0,0,0,0,0,0,0,0,0,0,0,0,0,0,0,0,0,0,0,0,0,0,0
SPTLC2_a,0,0,0,0,0,0,0,0.458461037569521,0,0,0,0,0,0,0,0,0.0259187952936436,0,0,0,0,0,0.188030362132824,0,2.11317738289174,0,0,0,0,0,1.10641763524039,2.23899027707796,0,0,2.64664334078116,0,0,0,0,0,0,0,0,0,0,0,0,0,0,1.149615316745,0,0,0,0,0,0,0.0514711459060322,0,0,0,0,0,0,0,0,0,0,0,0,0,0,0,0,0.618187605925144,0,0.192962474696446,0.870002811581462,0,0,0,0,0,0,0,0,0,0,0,0,0,0,0,0,0,0,0,0,0,0,0,0,0,0,0,0,0,0,0,0,0,0,0,0,0,0,0,0,0,0,0,0,0,0,0,0,0,0,0,0,0,0,0,0,0,0,0,0,0,0,0,0,0,0,0,0,0,0,0,0,0,0,0,0,0,0,0,0,0,0,0,0,0,0,0,0,0,0,0,0,0,0,0,0,0,0,0
SPTLC3_a,0,0,0,0,0,0,0,0,0,0,0,0,0,0,0,0,0,0,0,0,0,0,0,0,1.74067694703665,0,0,0,0,0,0,0,0,0,0,0,0,0,0,0,0,0,0,0,0,0,0,0,0,0,0,0,0,0,0,0,0,0,0,0,0.103137369230573,0,0,0,0,0,0,0,0,0,0,0.0183670348940498,0,0,0,0,0,0,0,0,0,0,0,0,0,0,0,0,0,0,0,0,0,0,0,0,0,0,0,0,0,0,0,0,0,0,0,0,0,0,0,0,0,0,0,0,0,0,0,0,0,0,0,0,0,0,0,0,0,0,0,0,0,0,0,0,0,0,0,0,0,0,0,0,0,0,0,0,0,0,0,0,0,0,0,0,0,0,0,0,0,0,0,0,0,0,0,0,0,0,0,0,0,0,0,0
SARS_a,0,0.0357744393348452,0,1.06182953027451,0,0,0,0,0,0,0,0.107398675066235,1.92102863420769,0,0,1.03268425162675,0,0,0,0,2.35507102610007,0,1.35238315375845,2.14610977413678,0,0.415873615448514,0,0,0,0,0,1.07661713959817,0,0.0449657413143046,0,0,2.77023994929901,0,0,0,2.13946847959059,0.222429425004548,0,1.25310790313367,2.24776147399002,0.707397054355336,0.95786006703861,0,0,0,4.15163158408085,0,1.5118094939007,0,0,0,0.897114930711638,1.3317211799287,2.22636155676326,0,0,0,0,0,0,0,0.405858247753962,1.7923361859899,0,2.80760360253783,0,2.90255487093529,1.14154979287642,0,0,0,0,0.120112766543855,0,0,1.27147306510315,0,0,0,1.46324960971795,0,1.90873333213513,1.76296942142676,0,0,0,0,0,0,0,0,0,0,0,0,0,0,0,0,0,0,0,0,0,0,0,0,0,0,0,0,0,0,0,0,0,0,0,0,0,0,0,0,0,0,0,0,0,0,0,0,0,0,0,0,0,0,0,0,0,0,0,0,0,0,0,0,0,0,0,0,0,0,0,0,0,0,0,0,0,0,0,0,0,0,0,0,0,0,0,0
SARS2_a,1.76156372911537,0,0,0,0,0,0,0,0,0,0,0,0,0,0,0,0,0,0,0,0,0,0,1.79632477449844,0,0,0,0,0,0,0,0,0,0,0,0,0,0,0,0,0,0,0,0,0,0,0,0,0,0,0,0,0,0.0904369174282923,0,0,0,0,0,0,0,0,0,0,0,0,0,0,0,0.254915568305686,0,0,0.998198452865177,0,0,1.34027502117965,0,0,0,0,0,0,0,0,1.12128346995772,0,0,0,0,0,0,0,0,0,0,0,0,0,0,0,0,0,0,0,0,0,0,0,0,0,0,0,0,0,0,0,0,0,0,0,0,0,0,0,0,0,0,0,0,0,0,0,0,0,0,0,0,0,0,0,0,0,0,0,0,0,0,0,0,0,0,0,0,0,0,0,0,0,0,0,0,0,0,0,0,0,0,0,0,0,0,0,0,0,0,0
PTDSS1_a,0,0,0,0,0,0,0,1.90923909471148,0,0,0,0,0,0,0,1.32905836974329,0,0,0,0.206788823494444,0,0,0,0,0,0,0,3.51686686776126,0,0,0,0.497686672807941,0,0,1.43298091523728,0,0,0,1.80995250363768,0,0.269981602260874,0,0,0,1.7496488750784,0,1.9728731931429,0,0.802058666162328,0,0,0.870355349968616,0.959337884340489,0,0.59396537078679,2.36743453728604,0.255032407717176,0,0,0,0,3.75108371244828,0,0,0,1.6268850020721,0,0,1.01186127013629,0.0356509681320215,0.0418247035577481,0,0,0,0,0.716106566537636,0,0,0,0,0,0,0,0,0,0,0,0,0,0,0,0,0,0,0,0,0,0,0,0,0,0,0,0,0,0,0,0,0,0,0,0,0,0,0,0,0,0,0,0,0,0,0,0,0,0,0,0,0,0,0,0,0,0,0,0,0,0,0,0,0,0,0,0,0,0,0,0,0,0,0,0,0,0,0,0,0,0,0,0,0,0,0,0,0,0,0,0,0,0,0,0,0,0,0,0
PTDSS2_a,0,0,0,0.169364522626744,1.72740154186925,0,0,0,2.48792160085425,0,0,0,0,0,0,0,0,2.51340611156547,0,1.83794715194437,0,2.36073400981725,1.72984897870959,0,0.0163608719890369,0,0,0,0,0,0.281231680184835,0.497686672807941,1.18245682410248,0,1.34045196898936,0,0,0,0,0,0,0,0,0,0,0,0,1.38242540992228,0.53852278954123,0,0,0.674841479809878,0.998779320041268,0,1.25306710577852,0,0,0,0,0,0,0,0,0,0,0,0,0.901054745729106,0,0,0,1.00885319616049,0,0.691158896778778,0,0.449524149919605,0,0,1.55297371336369,0,0,0,0.798119228571142,0,0,0,0,0,0,0,0,0,0,0,0,0,0,0,0,0,0,0,0,0,0,0,0,0,0,0,0,0,0,0,0,0,0,0,0,0,0,0,0,0,0,0,0,0,0,0,0,0,0,0,0,0,0,0,0,0,0,0,0,0,0,0,0,0,0,0,0,0,0,0,0,0,0,0,0,0,0,0,0,0,0,0,0,0,0,0,0,0,0,0,0,0
SLC1A4_a,1.82194030356422,0,1.76381446117537,3.13933683609854,3.07278866591846,2.73524016318057,2.13384454029564,2.94875071858943,2.8109993734832,0,2.40265834498719,2.81896811666903,0,3.2566210659288,2.19530018548519,3.12723370694009,2.07750513878144,2.5427679923892,0,2.7411856071188,3.08195557989285,2.05720817796755,2.62654724614173,2.78285582288227,1.12976250442916,2.79109951019041,0,0,0,2.50024132845204,0,2.72050934504216,3.31890545170951,0,2.73917761469795,2.33976792786629,2.57013223167666,2.64024853664875,0.955396588075491,0,2.89452399634882,1.18709794814565,0.139220788404734,3.15009879784398,0,1.49698593318104,3.17712783561367,1.78558691120302,0.660053962326626,3.10366337965621,1.56714815302115,0.750433118768223,1.84370237291072,0.728865512247393,3.04814033669098,3.09225047137265,2.75765633437571,2.02102563393976,3.27881536058604,2.69527718074813,2.10715465233435,0,2.6269222795124,0,0,1.99996335329754,0.434453764312077,2.07259868192145,3.08485077865522,0.103352526991104,0.120565859780046,0,2.73142116897841,2.09185017269108,0,1.90640724480158,0.0649530424735855,2.29593102238917,0,0,0,0,0,0,2.84366931445675,0,2.64055321007344,0.965786907951208,0,0,0,0,0,0,0,0,0,0,0,0,0,0,0,0,0,0,0,0,0,0,0,0,0,0,0,0,0,0,0,0,0,0,0,0,0,0,0,0,0,0,0,0,0,0,0,0,0,0,0,0,0,0,0,0,0,0,0,0,0,0,0,0,0,0,0,0,0,0,0,0,0,0,0,0,0,0,0,0,0,0,0,0,0,0,0,0
SLC1A5_a,0,0,0,0,0,0,0,0,0,0,0,0,0,0,0,0,0,0,0,0,0,0,0,0,0,0,0,0,0,0,0,0,0,0,0,0,0,0,0,0,0.741403595048789,0,0,0,0,0,0,0,0,0,0,0,0,0,0,0,0,0,0,0,0,0,0,0,0,0,0,0,0,0.770761100397212,0,0,0,0,0,0,0,0,0,0,0,0,0,0,0,0,0,0,0,0,0,0,0,0,0,0,0,0,0,0,0,0,0,0,0,0,0,0,0,0,0,0,0,0,0,0,0,0,0,0,0,0,0,0,0,0,0,0,0,0,0,0,0,0,0,0,0,0,0,0,0,0,0,0,0,0,0,0,0,0,0,0,0,0,0,0,0,0,0,0,0,0,0,0,0,0,0,0,0,0,0,0,0,0,0,0
SLC3A2_a,1.79914788630018,2.5409305987614,2.08543675302864,2.36705206168224,2.47273695276298,1.40866680033757,0,2.77276619162517,2.93901670471605,0.160237083701833,2.95620582685131,3.192773161986,1.72485452501213,2.66894628214738,3.40948981124443,2.16177325949013,2.34182731695648,0,2.18531276456539,2.68234145126501,2.05212273336389,3.12991791227189,3.48134376910256,3.40140190710901,3.25582901779601,2.68356959279233,2.54136379464945,0,0,2.42357762163549,2.32904830578172,2.36778040213963,1.81441532366073,2.80610234218399,2.25630948708484,2.24801711450034,1.33429823455014,2.51645579870536,1.06841230426589,3.65231204637897,2.19745747508295,2.58069212403437,0.0485926339603622,2.59673039845325,2.26751375900858,2.16000615204291,2.37641223339352,2.55237941103435,2.54824284470404,1.42371216577827,3.8033306531603,2.86213887040165,1.88705267953082,2.39516958642978,2.23878724352481,2.43533072506777,2.32662298898079,2.44983647133608,2.21012798217213,1.71957228649646,1.81817017853953,1.6273043851606,2.36551985714622,0,2.20621232126791,3.10240680840144,3.10688199253843,3.31965670914619,0,0.361533425472033,2.31229654822618,3.85661160759663,2.94925736265755,3.05105489057522,0,2.92952321694866,1.94200157519771,0.615632395753831,1.5438176788139,2.87040599592203,2.10171051421759,0,0.218550479842484,4.2855007607288,3.36419060480882,2.57414722665732,2.78169946226406,3.59086545145316,0,0,0,0,0,0,0,0,0,0,0,0,0,0,0,0,0,0,0,0,0,0,0,0,0,0,0,0,0,0,0,0,0,0,0,0,0,0,0,0,0,0,0,0,0,0,0,0,0,0,0,0,0,0,0,0,0,0,0,0,0,0,0,0,0,0,0,0,0,0,0,0,0,0,0,0,0,0,0,0,0,0,0,0,0,0,0,0
SLC6A9_a,0.708624311259115,0,0,0,0,0,0,0,0,0,0,0,0,0,0,0,0,0,0,0,0,0,0,0,0,0,0,0,0,0,0,0,0,0,0,0,2.1974096032476,0,0,0,0,0,0,0,0.562683843753291,0,0,0,0,0,0,0,0,0,0,0,0,0,0,1.27850851695157,0,0,0,0,0.98032952785016,0,1.39260036825594,0,0,0,0,0,0,0,0,0,0,0,0,0,0,0,0.218550479842484,0,0,0,0,0,0,0,0,0,0,0,0,0,0,0,0,0,0,0,0,0,0,0,0,0,0,0,0,0,0,0,0,0,0,0,0,0,0,0,0,0,0,0,0,0,0,0,0,0,0,0,0,0,0,0,0,0,0,0,0,0,0,0,0,0,0,0,0,0,0,0,0,0,0,0,0,0,0,0,0,0,0,0,0,0,0,0,0,0,0,0,0,0
SLC6A14_a,0,0,0,0,0,0,0,0,0,0,0,0,0,0,0,0,0,0,0,0,0,0,0,0,0,0,0,0,0,0,0,0,0,0,0,0,0,0,0,0,0,0,0,0,0,0,0,0,0,0,0,0,0,0,0,0,0,0,0,0,0,0,0,0,0,0,0,0,0,0,0,0,0,0,0,0,0,0,0,0,0,0,0,0,0,0,0,0,0,0,0,0,0,0,0,0,0,0,0,0,0,0,0,0,0,0,0,0,0,0,0,0,0,0,0,0,0,0,0,0,0,0,0,0,0,0,0,0,0,0,0,0,0,0,0,0,0,0,0,0,0,0,0,0,0,0,0,0,0,0,0,0,0,0,0,0,0,0,0,0,0,0,0,0,0,0,0,0,0,0,0,0,0,0,0,0
SLC7A8_a,0,0,0,0,0,0,0,0,0,0,0,0,0,0,0,0,0,0,0,0,0,0,0,0,0,0,1.22158571721512,0,0,0,0,0,0,0,0,0,1.44755631086311,0,0,0,0,0,0,0,0,0,0,2.19138900709716,0,0,0,0,0,0,0,0,0,0,0,0,0,0,0,0,0,0,0,0,0,0,0,0,0,0,0,2.16711901418519,0,0,0,0,0,0,0,0,0,0,0,0,0,0,0,0,0,0,0,0,0,0,0,0,0,0,0,0,0,0,0,0,0,0,0,0,0,0,0,0,0,0,0,0,0,0,0,0,0,0,0,0,0,0,0,0,0,0,0,0,0,0,0,0,0,0,0,0,0,0,0,0,0,0,0,0,0,0,0,0,0,0,0,0,0,0,0,0,0,0,0,0,0,0,0,0,0,0,0,0
SLC7A10_a,1.22284315097881,0,1.66232998401487,0,0,0,0,1.66331041907145,0,0,0.024759561921828,0.905801732941138,0,1.00833148708444,2.327070787951,1.81578235197125,0,1.00894284514247,2.93342201984629,0,0,0,0.602938314381237,0,0.728612706282781,0,0,0,0,1.73931597878142,0.453986188468661,0,1.39041235639146,0,0.468968811678945,0.799688101627309,0,2.10473825205924,1.44021914269261,0,0,0,1.23542439888789,0,0,0.234695630539566,0.0505125998537386,0.552594018418001,0,0.978030601805958,0,0,0,0.0310633177775402,0.536353938398382,0.421815900655434,0.441216657505877,0.769585838880637,0,0,0,0,0.488162761964052,0,0,2.19165709569604,0,0.535470925529655,2.53124659372294,2.86091514045891,0,0,2.0643963028678,1.06122124596878,0,1.47879606657701,0,0,0,0,0,0,0,0,0.968963465485887,0,2.06845602365951,1.28363709258233,0,0,0,0,0,0,0,0,0,0,0,0,0,0,0,0,0,0,0,0,0,0,0,0,0,0,0,0,0,0,0,0,0,0,0,0,0,0,0,0,0,0,0,0,0,0,0,0,0,0,0,0,0,0,0,0,0,0,0,0,0,0,0,0,0,0,0,0,0,0,0,0,0,0,0,0,0,0,0,0,0,0,0,0,0,0,0,0
SLC12A4_a,0,0,1.09857086643576,0.022806915804126,0.956594238447441,1.46563182585722,1.66744528432625,0,0,0.807078758952,0,1.44250317680558,0,1.72165626618901,0,0,0,0,2.08946675868095,0,0.139115621952895,0.354132300631503,0,0,1.587790238017,0,0,0,0,0,0.55929989955026,0,0,0,0,0.875395827142793,0,0,0.0219748494968768,0,0,0,0,0.0422203126296056,0.199111801376876,0,0,0.959215021364299,0,0,0,0,0,0.408668689279765,0,0,0.939286228209677,0,0,0,0,0,0,0,0,1.90219771099464,0,0,2.20472227243795,0,0,0,0,0.0498166156050224,0,0,0,0,0,0,0,0,0,0,0.805938504081262,0,0.73786365646984,0.185114936634715,0,0,0,0,0,0,0,0,0,0,0,0,0,0,0,0,0,0,0,0,0,0,0,0,0,0,0,0,0,0,0,0,0,0,0,0,0,0,0,0,0,0,0,0,0,0,0,0,0,0,0,0,0,0,0,0,0,0,0,0,0,0,0,0,0,0,0,0,0,0,0,0,0,0,0,0,0,0,0,0,0,0,0,0,0,0,0,0
SLC25A1_a,0,0,0.0192301784593455,1.02939817764974,0,1.32728495126098,0,1.35868756279672,1.8007529913569,2.36161370027737,0,0,2.39640145801915,1.42224735865456,0,0.0213023739669708,0,1.05718016304759,2.39192498290244,1.12086475646003,0,2.26942644268986,0.0146683319315428,0,0,1.63050534396186,0,0,0,1.96324809435484,0.885398373684034,0,0.919586483604976,0,0,0,0,1.54798656849176,1.36368258215504,0,0,0,0,0.0827300477921126,0.920583379231311,0.0845016219905664,1.12246052438659,0.946281610180828,0,0,0,0,0.0676573400879116,0.408668689279765,0,0,0.333712043582178,0,0,0.173621999744691,0.416113240127506,0,0.398421108255467,0,1.87247401810059,0.0102189670784418,0,1.44556593733214,0,2.63598030624537,3.41677733365619,0.0886368092210133,1.73483164986422,0.645342693332474,0,1.69920235980419,1.12867619499327,0,0,0,0,0,0.0782786374431537,0,0,0,0,0,0,0,0,0,0,0,0,0,0,0,0,0,0,0,0,0,0,0,0,0,0,0,0,0,0,0,0,0,0,0,0,0,0,0,0,0,0,0,0,0,0,0,0,0,0,0,0,0,0,0,0,0,0,0,0,0,0,0,0,0,0,0,0,0,0,0,0,0,0,0,0,0,0,0,0,0,0,0,0,0,0,0,0,0,0,0,0,0
SLC25A15_a,0,0,0,0,0,0,0,0,0,0,0,0,0,0,0,0,0,0,0,0,0,0,0,0,0,0,0,0,0,0,0,0,0,0,0.107930663985313,0,0,0,0,0,0,0,0,0,0,0,0,0,0,0,0,0,0,0,0,0,0,0,0,0,0,0,0,0,0,0,0,0,0,0,0,0,0,0,0,0,0,0,0,0,0,0,0,0,0,0,0,0,0,0,0,0,0,0,0,0,0,0,0,0,0,0,0,0,0,0,0,0,0,0,0,0,0,0,0,0,0,0,0,0,0,0,0,0,0,0,0,0,0,0,0,0,0,0,0,0,0,0,0,0,0,0,0,0,0,0,0,0,0,0,0,0,0,0,0,0,0,0,0,0,0,0,0,0,0,0,0,0,0,0,0,0,0,0,0,0
SLC25A28_a,0,0,0,0,0,0,0,0,0,0,0.455256918604826,0.858888925784051,0,0,0,0,1.53682582771733,0,0,0,0,1.55276311165792,0,0.843334257279449,0.413009089065093,1.16204886131423,0,0,0,0,0,0,0,0,1.00724605855,0,0,0,0,0,0,0,0,0,0,0.162415759883163,0,0,0,0,0,1.35870859487517,0.0676573400879116,0,0.0332395644253579,0,0,0,0,0,0,0,0,0,0,0,0,0,0,0,0,0,0,0,0,0,0,0,0,0,0,0,0,0,0,0,0,0,0,0,0,0,0,0,0,0,0,0,0,0,0,0,0,0,0,0,0,0,0,0,0,0,0,0,0,0,0,0,0,0,0,0,0,0,0,0,0,0,0,0,0,0,0,0,0,0,0,0,0,0,0,0,0,0,0,0,0,0,0,0,0,0,0,0,0,0,0,0,0,0,0,0,0,0,0,0,0,0,0,0,0,0,0,0,0,0
SLC36A1_a,1.58390448068864,0,0,1.14227212061151,0,0,0,0,0,0,0,0,0,0,0,0,0,0,0,0,1.73716976234001,0,0,0,0,0,0,0,0,0,0,0,0,0,0,0,0,0,0,0,0,0,0,0,0,0,0,0,0,1.61414561847864,0,0,0,0,0,0,0,0,0,0,0,0,0,0,0,0,0,0,0,0,0,0,0,0,0,0,0,0,0,0,0,0,0,0,0,0,0,0,0,0,0,0,0,0,0,0,0,0,0,0,0,0,0,0,0,0,0,0,0,0,0,0,0,0,0,0,0,0,0,0,0,0,0,0,0,0,0,0,0,0,0,0,0,0,0,0,0,0,0,0,0,0,0,0,0,0,0,0,0,0,0,0,0,0,0,0,0,0,0,0,0,0,0,0,0,0,0,0,0,0,0,0,0,0,0,0
SLC38A1_a,0,0,1.58182775323276,0,0,0,0,0,0,0,0,0.0551404545531043,0,0,0,0,0,0,0,0,0,0,0,0,0,0,0,0,0,0,0,0,0,0,0,0,1.85112379706354,0,0,0,0,0,0.181630030290189,0,1.20269603137049,0,0,0,0,0,0,0,0,0,0,0,0,0,0,0,0,0,0,0,0.27424498077408,0,0,0,0,0,0,0,0,0,0,0,0,0,0,0,0,0,0,0,0,0,0,0,0,0,0,0,0,0,0,0,0,0,0,0,0,0,0,0,0,0,0,0,0,0,0,0,0,0,0,0,0,0,0,0,0,0,0,0,0,0,0,0,0,0,0,0,0,0,0,0,0,0,0,0,0,0,0,0,0,0,0,0,0,0,0,0,0,0,0,0,0,0,0,0,0,0,0,0,0,0,0,0,0,0,0,0,0,0,0,0
SLC38A2_a,2.48330818185671,0,0,0,2.22447678317245,0,0,0,0,0,1.62158727090668,0,0,0,0,0,0.051182743746776,0,0.901414311674559,0.906963281010948,0,0,0,1.73254902542017,0,0,0,0,0,0,0,0,1.40207884038887,0,0,1.95362931089021,0,0,0,0,0,0,1.34499803134166,0,0,2.31366115513076,0.819492495135025,0,0,0,0,0.431577285379902,0,0,0,0,0,0.0308403723820952,1.44755914108848,0,0.322266759560915,0,0,0,1.83120786453175,0,1.55678396709939,0,2.51386507639288,0,0,0,0,0,0,1.57873279645934,1.39956975331346,1.95474813969121,0,0,2.09565957849679,2.3660470958054,0,0,1.43415440548411,0,0,1.46360104897463,0,0,0,0,0,0,0,0,0,0,0,0,0,0,0,0,0,0,0,0,0,0,0,0,0,0,0,0,0,0,0,0,0,0,0,0,0,0,0,0,0,0,0,0,0,0,0,0,0,0,0,0,0,0,0,0,0,0,0,0,0,0,0,0,0,0,0,0,0,0,0,0,0,0,0,0,0,0,0,0,0,0,0,0,0,0,0,0
SLC38A4_a,0,0,0,0,0,0,0,0,0,0,0,0,0,0,0,0,0,0,0,0,0,0,0,0,0,0,0,0,0,0,0,0,0,0,0,0,0,0,0,0,0,0,0,0,0,0,0,0,0,0,0,0,0,0,0,0,0,0,0,0,0,0,0,0,0,0,0,0,0,0,0,0,0,0,0,0,0.0111227315097628,0.627059380757316,0,0,0,0,0,0,0,0,0,0,0,0,0,0,0,0,0,0,0,0,0,0,0,0,0,0,0,0,0,0,0,0,0,0,0,0,0,0,0,0,0,0,0,0,0,0,0,0,0,0,0,0,0,0,0,0,0,0,0,0,0,0,0,0,0,0,0,0,0,0,0,0,0,0,0,0,0,0,0,0,0,0,0,0,0,0,0,0,0,0,0,0,0,0,0,0,0,0
SLC38A5_a,0,0,0,0,0,0,0,0,0,0,0,0,0,0,0,0,0,0,0,0,0,0,0,0.270284122986757,0,0,0,0,0,0,0,0,0,0,0,0,0,0,0,0,0,0,0,0,0,0,0,0,0,0,0,0,0,0,0,0,0,0,0,0,0,0,0,0,0,0,0,0,0,0,0,0,0,0,0,0,0,0,0,0,0,0,0,0,0,0,0,0,0,0,0,0,0,0,0,0,0,0,0,0,0,0,0,0,0,0,0,0,0,0,0,0,0,0,0,0,0,0,0,0,0,0,0,0,0,0,0,0,0,0,0,0,0,0,0,0,0,0,0,0,0,0,0,0,0,0,0,0,0,0,0,0,0,0,0,0,0,0,0,0,0,0,0,0,0,0,0,0,0,0,0,0,0,0,0,0
SLC38A7_a,0,0,0,0,2.16795964970464,0,0,0.0169623237926066,0,0,0,0,0,0,0,0,0,0,0,0,0,0,0,0,0,0,0,0,0,0,1.52003065974109,0,1.69202994095645,0,0,0,0,0,0.635900936120073,0,0,0,0,0,0,0,0,0,0,0,0,0,0,0,0,0,0,0,0,0,0,0,0,0,0,0,0,0,0,0,0,0,1.89909066536844,0,0,0,0,0,0,0,0,0,0,0,1.2100682699538,0,0,0,0,0,0,0,0,0,0,0,0,0,0,0,0,0,0,0,0,0,0,0,0,0,0,0,0,0,0,0,0,0,0,0,0,0,0,0,0,0,0,0,0,0,0,0,0,0,0,0,0,0,0,0,0,0,0,0,0,0,0,0,0,0,0,0,0,0,0,0,0,0,0,0,0,0,0,0,0,0,0,0,0,0,0,0,0,0,0,0
ULK1_a,0,0,0.193573813770016,0,0,1.09800110686514,1.45525236850519,0,0,0,0,0.0551404545531043,0,0,0,0,0,0,0,0,0,0,0,0,0,0,0,0,0,0,0,0,0,0,0,0.0343972001835761,0,0,0,0,0,0,0,0,0,0,0,0,0,0,0,0,0,0,0,0,0,0,0,0,0,0,0,0,0,0,0,0,0,0.457871164653877,0,0,0,0,0,0,0,0,0,0,0,0,0,0,0,0,0,0,0,0,0,0,0,0,0,0,0,0,0,0,0,0,0,0,0,0,0,0,0,0,0,0,0,0,0,0,0,0,0,0,0,0,0,0,0,0,0,0,0,0,0,0,0,0,0,0,0,0,0,0,0,0,0,0,0,0,0,0,0,0,0,0,0,0,0,0,0,0,0,0,0,0,0,0,0,0,0,0,0,0,0,0,0,0,0,0
ULK2_a,0,0,0,1.10858585953757,0,0,0,0,0,0,0.877068715151505,0,0.69990502094836,0,0,1.47712854279646,1.66888494427532,2.17073192224663,0,0,0,0,1.9070592260326,0,0,0,0,0,0,0.0243389114893542,0.405219425765867,0,0,0,0.677398461780615,2.05273191377886,0,0,0.38293286763828,0,2.08142987377438,0,2.8438972132123,2.45545157040367,0.468757267095362,0,2.24274419675437,0,1.44633906305788,0,0,1.33869614004648,1.74482604308398,1.68956327983262,0,0.492968816756077,0.0260666962614641,0,0,0.298333136044065,0,0,2.25452682232482,0,1.54356848232963,1.77311454459328,0,0.0113586729532212,0,0,0.0418247035577481,2.44485448987851,0,0,0,0.316608568770559,1.64324737898296,0,0,0,0,0,0,2.53560787251364,0,0,0,1.20046349508891,0,0,0,0,0,0,0,0,0,0,0,0,0,0,0,0,0,0,0,0,0,0,0,0,0,0,0,0,0,0,0,0,0,0,0,0,0,0,0,0,0,0,0,0,0,0,0,0,0,0,0,0,0,0,0,0,0,0,0,0,0,0,0,0,0,0,0,0,0,0,0,0,0,0,0,0,0,0,0,0,0,0,0,0,0,0,0,0
ATG13_a,0.0802984370690733,0,0,0,0,0,0,0,0,0,0,0,0,0,1.44059366406874,0,0,0,0,0,0,0,0,0,0,0,0,0,0,0,0,0,0,1.9689193032927,0.335683901335936,0.683034981838727,1.60307885613778,0.785813620021188,0.125141186027222,0,1.83561461265017,0,0,0,0,0,1.10545367329699,1.97461538295926,0,0,0,0.0378244180855129,0,0,0,0,0.818744663868027,0,1.91972588510843,0,0,0,0,0,0,0,0.196920923991686,2.01641570848126,0,0,0,0,0,0,0,0,0,0,1.81942747446172,0,2.48734558222101,0,0,0,0,0,0,0,0,0,0,0,0,0,0,0,0,0,0,0,0,0,0,0,0,0,0,0,0,0,0,0,0,0,0,0,0,0,0,0,0,0,0,0,0,0,0,0,0,0,0,0,0,0,0,0,0,0,0,0,0,0,0,0,0,0,0,0,0,0,0,0,0,0,0,0,0,0,0,0,0,0,0,0,0,0,0,0,0,0,0,0,0,0,0,0
C12orf44_a,1.57240221476548,0,0,0,0,0,0,0,0,0,0,0,0,0,0,1.50619403385697,0,0,0,0,0,0,0,0,0,0,0,0,0,0.0243389114893542,0,0,0,1.95599445929756,0,0,0,0.417053016783785,0,0,0,0,0,0.574496971252714,0,0,0,0,0,0,0,1.43497878566534,1.5118094939007,0,1.02650853148955,0,0,0,0,0,0,0,0,0,0,0,0.0632511225322705,1.78661140996492,0,0,0,0,0,0,0,0,0,0,0,0,0,0,0,0,0,0,0,0,0,0,0,0,0,0,0,0,0,0,0,0,0,0,0,0,0,0,0,0,0,0,0,0,0,0,0,0,0,0,0,0,0,0,0,0,0,0,0,0,0,0,0,0,0,0,0,0,0,0,0,0,0,0,0,0,0,0,0,0,0,0,0,0,0,0,0,0,0,0,0,0,0,0,0,0,0,0,0,0,0,0,0,0,0,0,0,0
RB1CC1_a,0,0,0,0.0987682112845038,0,0,0,0,0,0,0,0,0.340339449940595,0,0,1.73557757420299,0,0.540254326022129,0,0,0,0,0.536065859820647,0,0,0.0189196775679603,1.0216618810893,0,0,0.68587118417914,0.182198723167783,0,0,0,0,0,0,0.335088291976618,0,0,1.03079348212975,0,0,0,0,0,0.07484322040248,0,0.0243047772665564,0,0,0,0,1.04025812660171,0,0,1.46500962345675,1.43382851595008,0,0,1.44910735480111,1.94484152304882,1.81473464489238,0,0,0,0,0,0,0,0,0,0,0.0126887382230482,0,0.0685421461053688,0,0,0,0,0,0,0,0,0,0,1.82898005313177,0,0,0,0,0,0,0,0,0,0,0,0,0,0,0,0,0,0,0,0,0,0,0,0,0,0,0,0,0,0,0,0,0,0,0,0,0,0,0,0,0,0,0,0,0,0,0,0,0,0,0,0,0,0,0,0,0,0,0,0,0,0,0,0,0,0,0,0,0,0,0,0,0,0,0,0,0,0,0,0,0,0,0,0,0,0,0,0,0
PHGDH_n,0,0,0,0,0,0,0,0,0,0,0,0,0,0,0,0,0,0,0,0,0,0,0,0,0,0,0,0,0,0,0,0,0,0,0,0,0,0,0,0,0,0,0,0,0,0,0,0,0,0,0,0,0,0,0,0,0,0,0,0,0,0,0,0,0,0,0,0,0,0,0,0,0,0,0,0,0,0,0,0,0,0,0,0,0,0,0,0,0,2.560848234176,0,0,1.13777129514303,0,0,0.347196832510061,0,0,0,0,0,0,0,0,1.16228022305875,0,0.931003779156423,0,0,0,0,0,0,0,0,0,0,0,0,0,0,0,0,0,0,0,0,0,0,0,0,0,0,0,0,0,0,0,0,0,0,0,0,0,0,0,0,0,0,0,0,0,0,0,0,0,0,0,0,0,0,0,0,0,0,0,0,0,0,0,0,0,0,0,0,0
PSAT1_n,0,0,0,0,0,0,0,0,0,0,0,0,0,0,0,0,0,0,0,0,0,0,0,0,0,0,0,0,0,0,0,0,0,0,0,0,0,0,0,0,0,0,0,0,0,0,0,0,0,0,0,0,0,0,0,0,0,0,0,0,0,0,0,0,0,0,0,0,0,0,0,0,0,0,0,0,0,0,0,0,0,0,0,0,0,0,0,0,0,0,0,0,0,0,0,0,0,0,0.0999783060858026,0,0,0.00929162286792184,0,0,0,0,1.30141023912048,1.32992807114616,0,0,0,0,0,0,0,0,0,0,0,0,0,0,0,0,0,0,0,0,0,0,0,0,0,0,0,0,0,0,0,0,0,0,0,0,0,0,0,0,0,0,0,0,0,0,0,0,0,0,0,0,0,0,0,0,0,0,0,0,0,0,0,0,0,0,0,0
PSPH_n,0,0,0,0,0,0,0,0,0,0,0,0,0,0,0,0,0,0,0,0,0,0,0,0,0,0,0,0,0,0,0,0,0,0,0,0,0,0,0,0,0,0,0,0,0,0,0,0,0,0,0,0,0,0,0,0,0,0,0,0,0,0,0,0,0,0,0,0,0,0,0,0,0,0,0,0,0,0,0,0,0,0,0,0,0,0,0,0,0,0,0,0,1.16332643557386,0,0,0,0,0,0,0.264063336425964,0,0.163277664256543,0,0,0,0,0,0.225378973167414,0,0,0,0,0,0,0,0,0,0,0,0,0,0,0,0,0,0,0,0,0,0,0,0,0,0,0,0,0,0,0,0,0,0,0,0,0,0,0,0,0,0,0,0,0,0,0,0,0,0,0,0,0,0,0,0,0,0,0,0,0,0,0,0,0,0,0,0
SHMT1_n,0,0,0,0,0,0,0,0,0,0,0,0,0,0,0,0,0,0,0,0,0,0,0,0,0,0,0,0,0,0,0,0,0,0,0,0,0,0,0,0,0,0,0,0,0,0,0,0,0,0,0,0,0,0,0,0,0,0,0,0,0,0,0,0,0,0,0,0,0,0,0,0,0,0,0,0,0,0,0,0,0,0,0,0,0,0,0,0,0,0,0,0,0,0,0,0,0,0,0,0,0,0,0,0,0,0,0.142978896545066,0,0,0,0,0,0,0,0,0,0,0,0,0,0,0,0,0,0,0,0,0,0,0,0,0,0,0,0,0,0,0,0,0,0,0,0,0,0,0,0,0,0,0,0,0,0,0,0,0,0,0,0,0,0,0,0,0,0,0,0,0,0,0,0,0,0,0,0,0
SHMT2_n,0,0,0,0,0,0,0,0,0,0,0,0,0,0,0,0,0,0,0,0,0,0,0,0,0,0,0,0,0,0,0,0,0,0,0,0,0,0,0,0,0,0,0,0,0,0,0,0,0,0,0,0,0,0,0,0,0,0,0,0,0,0,0,0,0,0,0,0,0,0,0,0,0,0,0,0,0,0,0,0,0,0,0,0,0,0,0,0,0,0,0,0,0,0.817616101941966,0.929902212478406,0,0.998264436687557,0,0,0,0,0,0,0,0,0,0,0,0,0,0,0,0,0,0,0,0,0,0,0,0,0,0,0,0,0,0,0,0,0,0,0,0,0,0,0,0,0,0,0,0,0,0,0,0,0,0,0,0,0,0,0,0,0,0,0,0,0,0,0,0,0,0,0,0,0,0,0,0,0,0,0,0,0,0,0
SDS_n,0,0,0,0,0,0,0,0,0,0,0,0,0,0,0,0,0,0,0,0,0,0,0,0,0,0,0,0,0,0,0,0,0,0,0,0,0,0,0,0,0,0,0,0,0,0,0,0,0,0,0,0,0,0,0,0,0,0,0,0,0,0,0,0,0,0,0,0,0,0,0,0,0,0,0,0,0,0,0,0,0,0,0,0,0,0,0,0,0,0,0,0,0,0,0,0,0,0,0,0,0,0,0,0,0,0,0,0,0,0,0,0,0,0,0,0,0,0,0,0,0,0,0,0,0,0,0,0,0,0,0,0,0,0,0,0,0,0,0,0,0,0,0,0,0,0,0,0,0,0,0,0,0,0,0,0,0,0,0,0,0,0,0,0,0,0,0,0,0,0,0,0,0,0,0,0
SDSL_n,0,0,0,0,0,0,0,0,0,0,0,0,0,0,0,0,0,0,0,0,0,0,0,0,0,0,0,0,0,0,0,0,0,0,0,0,0,0,0,0,0,0,0,0,0,0,0,0,0,0,0,0,0,0,0,0,0,0,0,0,0,0,0,0,0,0,0,0,0,0,0,0,0,0,0,0,0,0,0,0,0,0,0,0,0,0,0,0,0,0,0,0,0,0,0,0,0,0,0,0,0,0,0,0,0,0,0,0,0,0,0,0,0,0,0,0,0,0,0,0,0,0,0,0,0,0,0,0,0,0,0,0,0,0,0,0,0,0,0,0,0,0,0,0,0,0,0,0,0,0,0,0,0,0,0,0,0,0,0,0,0,0,0,0,0,0,0,0,0,0,0,0,0,0,0,0
SRR_n,0,0,0,0,0,0,0,0,0,0,0,0,0,0,0,0,0,0,0,0,0,0,0,0,0,0,0,0,0,0,0,0,0,0,0,0,0,0,0,0,0,0,0,0,0,0,0,0,0,0,0,0,0,0,0,0,0,0,0,0,0,0,0,0,0,0,0,0,0,0,0,0,0,0,0,0,0,0,0,0,0,0,0,0,0,0,0,0,0,0,0,0,0,0,0.822490386682936,0,0.644358113073541,0,0,0,0.892426954020485,0,0,0,0.344991469870566,0,0.745112902311643,0,0,0,0,0,0,0,0,0,0,0,0,0,0,0,0,0,0,0,0,0,0,0,0,0,0,0,0,0,0,0,0,0,0,0,0,0,0,0,0,0,0,0,0,0,0,0,0,0,0,0,0,0,0,0,0,0,0,0,0,0,0,0,0,0,0,0,0,0
CBS_n,0,0,0,0,0,0,0,0,0,0,0,0,0,0,0,0,0,0,0,0,0,0,0,0,0,0,0,0,0,0,0,0,0,0,0,0,0,0,0,0,0,0,0,0,0,0,0,0,0,0,0,0,0,0,0,0,0,0,0,0,0,0,0,0,0,0,0,0,0,0,0,0,0,0,0,0,0,0,0,0,0,0,0,0,0,0,0,0,0,0,0,0.297933382870423,0.81168364164671,0,1.13852375068432,0,1.28601319136522,0.364325141086968,0,0.858639593271469,0,1.00660513163876,0,0,0,0,0,0.159536132820256,0,0,0,0,0,0,0,0,0,0,0,0,0,0,0,0,0,0,0,0,0,0,0,0,0,0,0,0,0,0,0,0,0,0,0,0,0,0,0,0,0,0,0,0,0,0,0,0,0,0,0,0,0,0,0,0,0,0,0,0,0,0,0,0,0,0,0,0
SPTLC1_n,0,0,0,0,0,0,0,0,0,0,0,0,0,0,0,0,0,0,0,0,0,0,0,0,0,0,0,0,0,0,0,0,0,0,0,0,0,0,0,0,0,0,0,0,0,0,0,0,0,0,0,0,0,0,0,0,0,0,0,0,0,0,0,0,0,0,0,0,0,0,0,0,0,0,0,0,0,0,0,0,0,0,0,0,0,0,0,0,0,0,0,0,0.820609658308547,0.138058643207071,0,0.0576076699729012,0.72054734035128,0,0,0,0.51889740617253,1.38775467669278,0,2.2662366553995,0.531738359327619,2.21371518473573,0.966709213395327,0,0.218492050697296,0,0,0,0,0,0,0,0,0,0,0,0,0,0,0,0,0,0,0,0,0,0,0,0,0,0,0,0,0,0,0,0,0,0,0,0,0,0,0,0,0,0,0,0,0,0,0,0,0,0,0,0,0,0,0,0,0,0,0,0,0,0,0,0,0,0,0
SPTLC2_n,0,0,0,0,0,0,0,0,0,0,0,0,0,0,0,0,0,0,0,0,0,0,0,0,0,0,0,0,0,0,0,0,0,0,0,0,0,0,0,0,0,0,0,0,0,0,0,0,0,0,0,0,0,0,0,0,0,0,0,0,0,0,0,0,0,0,0,0,0,0,0,0,0,0,0,0,0,0,0,0,0,0,0,0,0,0,0,0,0,0,0,0,0,0,0,0,0,0,1.91443154983967,0,0,0,0,0,0.769942201741507,0,0.801841767277721,0,2.05892954291759,0,0,0,0,0,0,0,0,0,0,0,0,0,0,0,0,0,0,0,0,0,0,0,0,0,0,0,0,0,0,0,0,0,0,0,0,0,0,0,0,0,0,0,0,0,0,0,0,0,0,0,0,0,0,0,0,0,0,0,0,0,0,0,0,0,0,0
SPTLC3_n,0,0,0,0,0,0,0,0,0,0,0,0,0,0,0,0,0,0,0,0,0,0,0,0,0,0,0,0,0,0,0,0,0,0,0,0,0,0,0,0,0,0,0,0,0,0,0,0,0,0,0,0,0,0,0,0,0,0,0,0,0,0,0,0,0,0,0,0,0,0,0,0,0,0,0,0,0,0,0,0,0,0,0,0,0,0,0,0,0,0,0,0,0,0,0,0,0,0,0,0,0,0,0,0,0,0,0,0,0,0,0,0,0,0,0,0,0,0,0,0,0,0,0,0,0,0,0,0,0,0,0,0,0,0,0,0,0,0,0,0,0,0,0,0,0,0,0,0,0,0,0,0,0,0,0,0,0,0,0,0,0,0,0,0,0,0,0,0,0,0,0,0,0,0,0,0
SARS_n,0,0,0,0,0,0,0,0,0,0,0,0,0,0,0,0,0,0,0,0,0,0,0,0,0,0,0,0,0,0,0,0,0,0,0,0,0,0,0,0,0,0,0,0,0,0,0,0,0,0,0,0,0,0,0,0,0,0,0,0,0,0,0,0,0,0,0,0,0,0,0,0,0,0,0,0,0,0,0,0,0,0,0,0,0,0,0,0,0,1.14159835120153,2.05932298943618,0.801149693000893,1.67533017477407,0.880927360700495,2.59120062161655,1.57172002671101,1.86924786257566,1.86715422174424,1.09787598906611,0.562768913119819,2.23006057457051,1.99312266108329,1.54392970963816,2.2662366553995,1.85891115708625,0.598886037588025,1.30141023912048,1.64950825743488,1.56550409247876,0,0,0,0,0,0,0,0,0,0,0,0,0,0,0,0,0,0,0,0,0,0,0,0,0,0,0,0,0,0,0,0,0,0,0,0,0,0,0,0,0,0,0,0,0,0,0,0,0,0,0,0,0,0,0,0,0,0,0,0,0,0,0,0,0,0,0
SARS2_n,0,0,0,0,0,0,0,0,0,0,0,0,0,0,0,0,0,0,0,0,0,0,0,0,0,0,0,0,0,0,0,0,0,0,0,0,0,0,0,0,0,0,0,0,0,0,0,0,0,0,0,0,0,0,0,0,0,0,0,0,0,0,0,0,0,0,0,0,0,0,0,0,0,0,0,0,0,0,0,0,0,0,0,0,0,0,0,0,2.19738261763682,0,0,0,0,0,0.540546289242475,0,0.869015913110489,0,0,0,0,0,0,0,0,0,0,0,0,0,0,0,0,0,0,0,0,0,0,0,0,0,0,0,0,0,0,0,0,0,0,0,0,0,0,0,0,0,0,0,0,0,0,0,0,0,0,0,0,0,0,0,0,0,0,0,0,0,0,0,0,0,0,0,0,0,0,0,0,0,0,0,0,0,0,0
PTDSS1_n,0,0,0,0,0,0,0,0,0,0,0,0,0,0,0,0,0,0,0,0,0,0,0,0,0,0,0,0,0,0,0,0,0,0,0,0,0,0,0,0,0,0,0,0,0,0,0,0,0,0,0,0,0,0,0,0,0,0,0,0,0,0,0,0,0,0,0,0,0,0,0,0,0,0,0,0,0,0,0,0,0,0,0,0,0,0,0,0,0,0.304019147154843,0.0331425008291847,0.892687918816196,0,0,0,0.0942479783586872,0.274062148383921,1.53437650583829,0,1.03434538445364,1.85915887525139,0.894827320276097,0,0,0,0.980507251718055,0,0.890748758559319,0,0,0,0,0,0,0,0,0,0,0,0,0,0,0,0,0,0,0,0,0,0,0,0,0,0,0,0,0,0,0,0,0,0,0,0,0,0,0,0,0,0,0,0,0,0,0,0,0,0,0,0,0,0,0,0,0,0,0,0,0,0,0,0,0,0,0,0
PTDSS2_n,0,0,0,0,0,0,0,0,0,0,0,0,0,0,0,0,0,0,0,0,0,0,0,0,0,0,0,0,0,0,0,0,0,0,0,0,0,0,0,0,0,0,0,0,0,0,0,0,0,0,0,0,0,0,0,0,0,0,0,0,0,0,0,0,0,0,0,0,0,0,0,0,0,0,0,0,0,0,0,0,0,0,0,0,0,0,0,0,0,1.23624244313823,0,2.19529572683277,0,1.06389677332069,1.33774011557232,0.465614757496402,0.740356872014754,0,2.40641402261932,0.792468706073665,1.34141510581361,0.147293256846926,1.77507245762658,2.2662366553995,0,0,0,0.24639720189107,0,0,0,0,0,0,0,0,0,0,0,0,0,0,0,0,0,0,0,0,0,0,0,0,0,0,0,0,0,0,0,0,0,0,0,0,0,0,0,0,0,0,0,0,0,0,0,0,0,0,0,0,0,0,0,0,0,0,0,0,0,0,0,0,0,0,0,0
SLC1A4_n,0,0,0,0,0,0,0,0,0,0,0,0,0,0,0,0,0,0,0,0,0,0,0,0,0,0,0,0,0,0,0,0,0,0,0,0,0,0,0,0,0,0,0,0,0,0,0,0,0,0,0,0,0,0,0,0,0,0,0,0,0,0,0,0,0,0,0,0,0,0,0,0,0,0,0,0,0,0,0,0,0,0,0,0,0,0,0,0,0.367779489209774,0,0,0.026347680994282,0,1.05456411636803,0.907010112647919,0,0,0,0,0,1.38851830359507,1.20128802666101,0,0,0.142006723789026,0,0,0.460852866224678,0.83835959108354,0,0,0,0,0,0,0,0,0,0,0,0,0,0,0,0,0,0,0,0,0,0,0,0,0,0,0,0,0,0,0,0,0,0,0,0,0,0,0,0,0,0,0,0,0,0,0,0,0,0,0,0,0,0,0,0,0,0,0,0,0,0,0,0,0,0,0
SLC1A5_n,0,0,0,0,0,0,0,0,0,0,0,0,0,0,0,0,0,0,0,0,0,0,0,0,0,0,0,0,0,0,0,0,0,0,0,0,0,0,0,0,0,0,0,0,0,0,0,0,0,0,0,0,0,0,0,0,0,0,0,0,0,0,0,0,0,0,0,0,0,0,0,0,0,0,0,0,0,0,0,0,0,0,0,0,0,0,0,0,0,0,0,0,0,0,0,0,0,0,0,0,0,0,0,0,0,0,0,0,0,0,0,0,0,0,0,0,0,0,0,0,0,0,0,0,0,0,0,0,0,0,0,0,0,0,0,0,0,0,0,0,0,0,0,0,0,0,0,0,0,0,0,0,0,0,0,0,0,0,0,0,0,0,0,0,0,0,0,0,0,0,0,0,0,0,0,0
SLC3A2_n,0,0,0,0,0,0,0,0,0,0,0,0,0,0,0,0,0,0,0,0,0,0,0,0,0,0,0,0,0,0,0,0,0,0,0,0,0,0,0,0,0,0,0,0,0,0,0,0,0,0,0,0,0,0,0,0,0,0,0,0,0,0,0,0,0,0,0,0,0,0,0,0,0,0,0,0,0,0,0,0,0,0,0,0,0,0,0,0,2.56511347573647,0,0,1.54421718877515,1.31519214906034,1.09138326341065,1.01136259698463,1.15508977311056,0.982992860889937,1.39325938029595,0.422476073885438,1.13638153145145,1.06546277993704,1.29503353634225,1.04432448367962,0,1.417788222942,0,0.972538111423919,0.113101997282217,0,0,0,0,0,0,0,0,0,0,0,0,0,0,0,0,0,0,0,0,0,0,0,0,0,0,0,0,0,0,0,0,0,0,0,0,0,0,0,0,0,0,0,0,0,0,0,0,0,0,0,0,0,0,0,0,0,0,0,0,0,0,0,0,0,0,0,0
SLC6A9_n,0,0,0,0,0,0,0,0,0,0,0,0,0,0,0,0,0,0,0,0,0,0,0,0,0,0,0,0,0,0,0,0,0,0,0,0,0,0,0,0,0,0,0,0,0,0,0,0,0,0,0,0,0,0,0,0,0,0,0,0,0,0,0,0,0,0,0,0,0,0,0,0,0,0,0,0,0,0,0,0,0,0,0,0,0,0,0,0,0,0.920284257130385,0,0,0,0,0,0,0,0,0,0,0,1.22350347379982,0,0,0.926575257354432,0,0,0,0,0,0,0,0,0,0,0,0,0,0,0,0,0,0,0,0,0,0,0,0,0,0,0,0,0,0,0,0,0,0,0,0,0,0,0,0,0,0,0,0,0,0,0,0,0,0,0,0,0,0,0,0,0,0,0,0,0,0,0,0,0,0,0,0,0,0,0
SLC6A14_n,0,0,0,0,0,0,0,0,0,0,0,0,0,0,0,0,0,0,0,0,0,0,0,0,0,0,0,0,0,0,0,0,0,0,0,0,0,0,0,0,0,0,0,0,0,0,0,0,0,0,0,0,0,0,0,0,0,0,0,0,0,0,0,0,0,0,0,0,0,0,0,0,0,0,0,0,0,0,0,0,0,0,0,0,0,0,0,0,0,0,0,0,0,0,0,0,0,0,0,0,0,0,0,0,0,0,0,0,0,0,0,0,0,0,0,0,0,0,0,0,0,0,0,0,0,0,0,0,0,0,0,0,0,0,0,0,0,0,0,0,0,0,0,0,0,0,0,0,0,0,0,0,0,0,0,0,0,0,0,0,0,0,0,0,0,0,0,0,0,0,0,0,0,0,0,0
SLC7A8_n,0,0,0,0,0,0,0,0,0,0,0,0,0,0,0,0,0,0,0,0,0,0,0,0,0,0,0,0,0,0,0,0,0,0,0,0,0,0,0,0,0,0,0,0,0,0,0,0,0,0,0,0,0,0,0,0,0,0,0,0,0,0,0,0,0,0,0,0,0,0,0,0,0,0,0,0,0,0,0,0,0,0,0,0,0,0,0,0,0,2.61102321374631,2.07213406929223,2.28343187754372,1.73405557577542,0,1.68145374275614,0,1.68901619330186,1.84037903461453,0.610404249590677,2.16405518423361,0,2.01576158934063,2.13124100312627,0,1.84212570169128,0,0,0,0.142041475998072,0,0,0,0,0,0,0,0,0,0,0,0,0,0,0,0,0,0,0,0,0,0,0,0,0,0,0,0,0,0,0,0,0,0,0,0,0,0,0,0,0,0,0,0,0,0,0,0,0,0,0,0,0,0,0,0,0,0,0,0,0,0,0,0,0,0,0
SLC7A10_n,0,0,0,0,0,0,0,0,0,0,0,0,0,0,0,0,0,0,0,0,0,0,0,0,0,0,0,0,0,0,0,0,0,0,0,0,0,0,0,0,0,0,0,0,0,0,0,0,0,0,0,0,0,0,0,0,0,0,0,0,0,0,0,0,0,0,0,0,0,0,0,0,0,0,0,0,0,0,0,0,0,0,0,0,0,0,0,0,0,0,0,0,0,0,0,0,0,0,0,0,0,0,0,0,0,0,0,0,0,0,0,0,0,0,0,0,0,0,0,0,0,0,0,0,0,0,0,0,0,0,0,0,0,0,0,0,0,0,0,0,0,0,0,0,0,0,0,0,0,0,0,0,0,0,0,0,0,0,0,0,0,0,0,0,0,0,0,0,0,0,0,0,0,0,0,0
SLC12A4_n,0,0,0,0,0,0,0,0,0,0,0,0,0,0,0,0,0,0,0,0,0,0,0,0,0,0,0,0,0,0,0,0,0,0,0,0,0,0,0,0,0,0,0,0,0,0,0,0,0,0,0,0,0,0,0,0,0,0,0,0,0,0,0,0,0,0,0,0,0,0,0,0,0,0,0,0,0,0,0,0,0,0,0,0,0,0,0,0,0,0,0,0,0,0,0,0,0,0,0,0,0,0,0,0,0,0,0,0,0,0,0,0,0,0,0,0,0,0,0,0,0,0,0,0,0,0,0,0,0,0,0,0,0,0,0,0,0,0,0,0,0,0,0,0,0,0,0,0,0,0,0,0,0,0,0,0,0,0,0,0,0,0,0,0,0,0,0,0,0,0,0,0,0,0,0,0
SLC25A1_n,0,0,0,0,0,0,0,0,0,0,0,0,0,0,0,0,0,0,0,0,0,0,0,0,0,0,0,0,0,0,0,0,0,0,0,0,0,0,0,0,0,0,0,0,0,0,0,0,0,0,0,0,0,0,0,0,0,0,0,0,0,0,0,0,0,0,0,0,0,0,0,0,0,0,0,0,0,0,0,0,0,0,0,0,0,0,0,0,0,0,2.14178426723188,0,0.0199875539973357,0.864054335222777,0,0,1.41053107738988,0,1.74599689225224,1.13638153145145,0,0,0,0,0,0,0,0,0,0,0,0,0,0,0,0,0,0,0,0,0,0,0,0,0,0,0,0,0,0,0,0,0,0,0,0,0,0,0,0,0,0,0,0,0,0,0,0,0,0,0,0,0,0,0,0,0,0,0,0,0,0,0,0,0,0,0,0,0,0,0,0,0,0,0,0
SLC25A15_n,0,0,0,0,0,0,0,0,0,0,0,0,0,0,0,0,0,0,0,0,0,0,0,0,0,0,0,0,0,0,0,0,0,0,0,0,0,0,0,0,0,0,0,0,0,0,0,0,0,0,0,0,0,0,0,0,0,0,0,0,0,0,0,0,0,0,0,0,0,0,0,0,0,0,0,0,0,0,0,0,0,0,0,0,0,0,0,0,1.02176503906601,0,0,0,0,0,0,0,0,0,0,0,0,0,0,0,0,0,0,0,0,0,0,0,0,0,0,0,0,0,0,0,0,0,0,0,0,0,0,0,0,0,0,0,0,0,0,0,0,0,0,0,0,0,0,0,0,0,0,0,0,0,0,0,0,0,0,0,0,0,0,0,0,0,0,0,0,0,0,0,0,0,0,0,0,0,0,0
SLC25A28_n,0,0,0,0,0,0,0,0,0,0,0,0,0,0,0,0,0,0,0,0,0,0,0,0,0,0,0,0,0,0,0,0,0,0,0,0,0,0,0,0,0,0,0,0,0,0,0,0,0,0,0,0,0,0,0,0,0,0,0,0,0,0,0,0,0,0,0,0,0,0,0,0,0,0,0,0,0,0,0,0,0,0,0,0,0,0,0,0,0,0.725558714576418,0,0,0.717746822591189,0.195019831619933,0,0,0.0916305249995682,0.0241256330470638,0.718556330779009,0,0,0.179010584981266,0,0,0.155158318905422,0,0,0,0,0,0,0,0,0,0,0,0,0,0,0,0,0,0,0,0,0,0,0,0,0,0,0,0,0,0,0,0,0,0,0,0,0,0,0,0,0,0,0,0,0,0,0,0,0,0,0,0,0,0,0,0,0,0,0,0,0,0,0,0,0,0,0,0,0,0,0
SLC36A1_n,0,0,0,0,0,0,0,0,0,0,0,0,0,0,0,0,0,0,0,0,0,0,0,0,0,0,0,0,0,0,0,0,0,0,0,0,0,0,0,0,0,0,0,0,0,0,0,0,0,0,0,0,0,0,0,0,0,0,0,0,0,0,0,0,0,0,0,0,0,0,0,0,0,0,0,0,0,0,0,0,0,0,0,0,0,0,0,0,0,0,0,0,1.55068746193847,0,0,0,0,0,0,0,0,0.254163533384909,0,0,0,0,0,0,0,0,0,0,0,0,0,0,0,0,0,0,0,0,0,0,0,0,0,0,0,0,0,0,0,0,0,0,0,0,0,0,0,0,0,0,0,0,0,0,0,0,0,0,0,0,0,0,0,0,0,0,0,0,0,0,0,0,0,0,0,0,0,0,0,0,0,0
SLC38A1_n,0,0,0,0,0,0,0,0,0,0,0,0,0,0,0,0,0,0,0,0,0,0,0,0,0,0,0,0,0,0,0,0,0,0,0,0,0,0,0,0,0,0,0,0,0,0,0,0,0,0,0,0,0,0,0,0,0,0,0,0,0,0,0,0,0,0,0,0,0,0,0,0,0,0,0,0,0,0,0,0,0,0,0,0,0,0,0,0,0,2.70736602422025,0,0,0,1.28768776101569,1.03710531640234,0.0195736204368343,1.13056545187992,1.57562973806363,0,0.37384784654942,1.71446577917442,0.863832054963429,0,0,1.47873078861549,1.91194833863173,0.0152536152551958,1.12781661224506,0.944696199024451,0,0,0,0,0,0,0,0,0,0,0,0,0,0,0,0,0,0,0,0,0,0,0,0,0,0,0,0,0,0,0,0,0,0,0,0,0,0,0,0,0,0,0,0,0,0,0,0,0,0,0,0,0,0,0,0,0,0,0,0,0,0,0,0,0,0,0
SLC38A2_n,0,0,0,0,0,0,0,0,0,0,0,0,0,0,0,0,0,0,0,0,0,0,0,0,0,0,0,0,0,0,0,0,0,0,0,0,0,0,0,0,0,0,0,0,0,0,0,0,0,0,0,0,0,0,0,0,0,0,0,0,0,0,0,0,0,0,0,0,0,0,0,0,0,0,0,0,0,0,0,0,0,0,0,0,0,0,0,0,0,2.26341838322345,0,2.29694719668071,1.42782416116268,1.99685357808669,1.77074401160902,1.91858788453634,0.791340469108007,1.24309353541626,0.768540498728407,0,0.94755187728202,0,0,2.2662366553995,1.55245675005273,0.0740711772531614,0.587380116738072,0,2.00286108113271,0,0,0,0,0,0,0,0,0,0,0,0,0,0,0,0,0,0,0,0,0,0,0,0,0,0,0,0,0,0,0,0,0,0,0,0,0,0,0,0,0,0,0,0,0,0,0,0,0,0,0,0,0,0,0,0,0,0,0,0,0,0,0,0,0,0,0
SLC38A4_n,0,0,0,0,0,0,0,0,0,0,0,0,0,0,0,0,0,0,0,0,0,0,0,0,0,0,0,0,0,0,0,0,0,0,0,0,0,0,0,0,0,0,0,0,0,0,0,0,0,0,0,0,0,0,0,0,0,0,0,0,0,0,0,0,0,0,0,0,0,0,0,0,0,0,0,0,0,0,0,0,0,0,0,0,0,0,0,0,0,0,0,0,0,0,0,0,0,0,0,0,0,0,0,0,0,0,0,0,0,0,0,0,0,0,0,0,0,0,0,0,0,0,0,0,0,0,0,0,0,0,0,0,0,0,0,0,0,0,0,0,0,0,0,0,0,0,0,0,0,0,0,0,0,0,0,0,0,0,0,0,0,0,0,0,0,0,0,0,0,0,0,0,0,0,0,0
SLC38A5_n,0,0,0,0,0,0,0,0,0,0,0,0,0,0,0,0,0,0,0,0,0,0,0,0,0,0,0,0,0,0,0,0,0,0,0,0,0,0,0,0,0,0,0,0,0,0,0,0,0,0,0,0,0,0,0,0,0,0,0,0,0,0,0,0,0,0,0,0,0,0,0,0,0,0,0,0,0,0,0,0,0,0,0,0,0,0,0,0,0,0,0,0,0,0,0,0,0,0,0,0,0,0,0,0,0,0,0,0,0,0,0,0,0,0,0,0,0,0,0,0,0,0,0,0,0,0,0,0,0,0,0,0,0,0,0,0,0,0,0,0,0,0,0,0,0,0,0,0,0,0,0,0,0,0,0,0,0,0,0,0,0,0,0,0,0,0,0,0,0,0,0,0,0,0,0,0
SLC38A7_n,0,0,0,0,0,0,0,0,0,0,0,0,0,0,0,0,0,0,0,0,0,0,0,0,0,0,0,0,0,0,0,0,0,0,0,0,0,0,0,0,0,0,0,0,0,0,0,0,0,0,0,0,0,0,0,0,0,0,0,0,0,0,0,0,0,0,0,0,0,0,0,0,0,0,0,0,0,0,0,0,0,0,0,0,0,0,0,0,0,0,0,0,0,0,0,0.0195736204368343,0,0,0,0,0,0,2.13826674543447,0,0,0,0,0,0.791059963825629,0,0,0,0,0,0,0,0,0,0,0,0,0,0,0,0,0,0,0,0,0,0,0,0,0,0,0,0,0,0,0,0,0,0,0,0,0,0,0,0,0,0,0,0,0,0,0,0,0,0,0,0,0,0,0,0,0,0,0,0,0,0,0,0,0,0,0
ULK1_n,0,0,0,0,0,0,0,0,0,0,0,0,0,0,0,0,0,0,0,0,0,0,0,0,0,0,0,0,0,0,0,0,0,0,0,0,0,0,0,0,0,0,0,0,0,0,0,0,0,0,0,0,0,0,0,0,0,0,0,0,0,0,0,0,0,0,0,0,0,0,0,0,0,0,0,0,0,0,0,0,0,0,0,0,0,0,0,0,0,1.53509657989144,0,0,0,0.92457792254332,0,0.808832775511349,0.37320496502649,0,1.91443154983967,0,0,0,0,0,0,0,0,0.0262623583632895,0,0,0,0,0,0,0,0,0,0,0,0,0,0,0,0,0,0,0,0,0,0,0,0,0,0,0,0,0,0,0,0,0,0,0,0,0,0,0,0,0,0,0,0,0,0,0,0,0,0,0,0,0,0,0,0,0,0,0,0,0,0,0,0,0,0,0,0
ULK2_n,0,0,0,0,0,0,0,0,0,0,0,0,0,0,0,0,0,0,0,0,0,0,0,0,0,0,0,0,0,0,0,0,0,0,0,0,0,0,0,0,0,0,0,0,0,0,0,0,0,0,0,0,0,0,0,0,0,0,0,0,0,0,0,0,0,0,0,0,0,0,0,0,0,0,0,0,0,0,0,0,0,0,0,0,0,0,0,0,2.93284246366854,0.635643862094464,0,0,0.339163507289558,0.473516162997319,0,1.44961242492961,0.428291439787846,1.51845697124334,1.52060583686693,1.13638153145145,1.25323634323382,1.187148503273,0,0,1.31674617348878,2.46719328620069,0,1.47996848709792,0.950612665372257,0,0,0,0,0,0,0,0,0,0,0,0,0,0,0,0,0,0,0,0,0,0,0,0,0,0,0,0,0,0,0,0,0,0,0,0,0,0,0,0,0,0,0,0,0,0,0,0,0,0,0,0,0,0,0,0,0,0,0,0,0,0,0,0,0,0,0
ATG13_n,0,0,0,0,0,0,0,0,0,0,0,0,0,0,0,0,0,0,0,0,0,0,0,0,0,0,0,0,0,0,0,0,0,0,0,0,0,0,0,0,0,0,0,0,0,0,0,0,0,0,0,0,0,0,0,0,0,0,0,0,0,0,0,0,0,0,0,0,0,0,0,0,0,0,0,0,0,0,0,0,0,0,0,0,0,0,0,0,0.367779489209774,0,0,2.70914101404738,1.71969436320762,1.02119635637817,0.803410741708356,1.20370473547571,1.37304123821657,0,1.78203001018336,0.37384784654942,0,1.47474185684318,0,0,1.05135632751448,0,1.82625990854262,0,0,0,0,0,0,0,0,0,0,0,0,0,0,0,0,0,0,0,0,0,0,0,0,0,0,0,0,0,0,0,0,0,0,0,0,0,0,0,0,0,0,0,0,0,0,0,0,0,0,0,0,0,0,0,0,0,0,0,0,0,0,0,0,0,0,0,0,0
C12orf44_n,0,0,0,0,0,0,0,0,0,0,0,0,0,0,0,0,0,0,0,0,0,0,0,0,0,0,0,0,0,0,0,0,0,0,0,0,0,0,0,0,0,0,0,0,0,0,0,0,0,0,0,0,0,0,0,0,0,0,0,0,0,0,0,0,0,0,0,0,0,0,0,0,0,0,0,0,0,0,0,0,0,0,0,0,0,0,0,0,0,0,0,0,0,0.490141262874008,0.416207256843388,0.0576076699729012,0.34448034365673,0,1.86681144053603,0,0,0,0.326505909387554,0,0.9621794036971,0,0,0,1.45071490136472,0,0,0,0,0,0,0,0,0,0,0,0,0,0,0,0,0,0,0,0,0,0,0,0,0,0,0,0,0,0,0,0,0,0,0,0,0,0,0,0,0,0,0,0,0,0,0,0,0,0,0,0,0,0,0,0,0,0,0,0,0,0,0,0,0,0,0
RB1CC1_n,0,0,0,0,0,0,0,0,0,0,0,0,0,0,0,0,0,0,0,0,0,0,0,0,0,0,0,0,0,0,0,0,0,0,0,0,0,0,0,0,0,0,0,0,0,0,0,0,0,0,0,0,0,0,0,0,0,0,0,0,0,0,0,0,0,0,0,0,0,0,0,0,0,0,0,0,0,0,0,0,0,0,0,0,0,0,0,0,0,0.0850979864734933,0,0.558208966337269,0.233056142685575,0,0.0142370614504307,0.909259261362987,0.284430608626741,0,1.02514442951956,0.37384784654942,0,0,0,0,1.1905124104276,1.29890828184292,1.07728266205745,0.235943307255163,0.0592587779638636,0,0,0,0,0,0,0,0,0,0,0,0,0,0,0,0,0,0,0,0,0,0,0,0,0,0,0,0,0,0,0,0,0,0,0,0,0,0,0,0,0,0,0,0,0,0,0,0,0,0,0,0,0,0,0,0,0,0,0,0,0,0,0,0,0,0,0
PHGDH_g,0,0,0,0,0,0,0,0,0,0,0,0,0,0,0,0,0,0,0,0,0,0,0,0,0,0,0,0,0,0,0,0,0,0,0,0,0,0,0,0,0,0,0,0,0,0,0,0,0,0,0,0,0,0,0,0,0,0,0,0,0,0,0,0,0,0,0,0,0,0,0,0,0,0,0,0,0,0,0,0,0,0,0,0,0,0,0,0,0,0,0,0,0,0,0,0,0,0,0,0,0,0,0,0,0,0,0,0,0,0,0,0,0,0.543166185708672,0,0,0,0,1.25742531600063,0.76189632422873,0,0,0,0,0,1.43654912347323,0,1.65238423125736,0,0,0.62765349388481,0,2.84534274510818,2.55924530777171,0,0,1.31800966172393,0,0,0,1.64966090504858,0,0,0,0,2.3719407104721,0,0.735254187499371,0,2.41256905039555,0,0,0,1.52122236300469,0,1.10966659373897,0,0,0,0,0,0,1.74832268440137,1.95297183875224,0,0,0.977404698748076,0,0,0,0,0,0,0,0,0
PSAT1_g,0,0,0,0,0,0,0,0,0,0,0,0,0,0,0,0,0,0,0,0,0,0,0,0,0,0,0,0,0,0,0,0,0,0,0,0,0,0,0,0,0,0,0,0,0,0,0,0,0,0,0,0,0,0,0,0,0,0,0,0,0,0,0,0,0,0,0,0,0,0,0,0,0,0,0,0,0,0,0,0,0,0,0,0,0,0,0,0,0,0,0,0,0,0,0,0,0,0,0,0,0,0,0,0,0,0,0,0,0,0,1.66338806773757,0,0,0,0,0.609028751368045,0,0.745196724902284,0,0,0,0,0,0,0,0,0,1.65238423125736,0,0,0,1.00642746344316,1.19856343271331,0,0,0,1.31800966172393,0,0,0,0,0,0.816455749079109,0,1.61200283849563,0,0,0.735254187499371,0,0,0,1.42015146039036,0,0,0,0,0,0,0,0,0,0,1.74832268440137,0,0,0,0.977404698748076,0,1.23333142463155,0,0,0,0,0,0,2.12455791305678
PSPH_g,0,0,0,0,0,0,0,0,0,0,0,0,0,0,0,0,0,0,0,0,0,0,0,0,0,0,0,0,0,0,0,0,0,0,0,0,0,0,0,0,0,0,0,0,0,0,0,0,0,0,0,0,0,0,0,0,0,0,0,0,0,0,0,0,0,0,0,0,0,0,0,0,0,0,0,0,0,0,0,0,0,0,0,0,0,0,0,0,0,0,0,0,0,0,0,0,0,0,0,0,0,0,0,0,0,0,0,0,0,0,0,0,0.915092409382046,0,0,0,1.01977765085032,0.199974139961196,0,0,0,0,0,0,0,0,0,0,0,0,0,0,1.72823404385296,0,0,0,0,0,0,0,0,0,0,0,0,0,0,0,0,0,0,0,0,0,0,0,0,0,0,0,0,0,0,0,0,0,0,0,0,0,0,0,0,0,0,0
SHMT1_g,0,0,0,0,0,0,0,0,0,0,0,0,0,0,0,0,0,0,0,0,0,0,0,0,0,0,0,0,0,0,0,0,0,0,0,0,0,0,0,0,0,0,0,0,0,0,0,0,0,0,0,0,0,0,0,0,0,0,0,0,0,0,0,0,0,0,0,0,0,0,0,0,0,0,0,0,0,0,0,0,0,0,0,0,0,0,0,0,0,0,0,0,0,0,0,0,0,0,0,0,0,0,0,0,0,0,0,0,0,0,0,0,0,0.893184768410383,0,0,0.634611463824358,0,1.25742531600063,0,0,0,0,0,0,0,0,0,0,0,0,0,0,0,0,0,0,0,0,0,0,0,0,0,0,0,0,0,0,0,0,0,0,0,0,0,0,0,0,0,0,0,0,0,0,0.681600559214576,0,0,0,0,0,0,1.00030064605273,0,0,0
SHMT2_g,0,0,0,0,0,0,0,0,0,0,0,0,0,0,0,0,0,0,0,0,0,0,0,0,0,0,0,0,0,0,0,0,0,0,0,0,0,0,0,0,0,0,0,0,0,0,0,0,0,0,0,0,0,0,0,0,0,0,0,0,0,0,0,0,0,0,0,0,0,0,0,0,0,0,0,0,0,0,0,0,0,0,0,0,0,0,0,0,0,0,0,0,0,0,0,0,0,0,0,0,0,0,0,0,0,0,0,0,0,0,0,0,0.915092409382046,0,0,0,0,0,0,0,0,0,0,0,0,0,1.75600655495005,0,0,0,0,0,1.19856343271331,0,0,0,0,0,0,0,0,0,0,0,0,0,0,0,0,0,0,0,0,0,0.594586658723795,0.701449344272941,0,0,0,0,1.80183004779165,0,1.21564815364914,1.95297183875224,0,1.08318697461192,0,0,0,0,0,0,0,0,0,0
SDS_g,0,0,0,0,0,0,0,0,0,0,0,0,0,0,0,0,0,0,0,0,0,0,0,0,0,0,0,0,0,0,0,0,0,0,0,0,0,0,0,0,0,0,0,0,0,0,0,0,0,0,0,0,0,0,0,0,0,0,0,0,0,0,0,0,0,0,0,0,0,0,0,0,0,0,0,0,0,0,0,0,0,0,0,0,0,0,0,0,0,0,0,0,0,0,0,0,0,0,0,0,0,0,0,0,0,0,0,0,0,0,0,0,0,0,0,0,0,0,0,0,0,0,0,0,0,0,0,0,0,0,0,0,0,0,0,0,0,0,0,0,0,0,0,0,0,0,0,0,0,0,0,0,2.23433661255518,0,0,0,0,0,0,0,0,0,0,0,0,0,0,0,0,0,0,0,0,0,0,0
SDSL_g,0,0,0,0,0,0,0,0,0,0,0,0,0,0,0,0,0,0,0,0,0,0,0,0,0,0,0,0,0,0,0,0,0,0,0,0,0,0,0,0,0,0,0,0,0,0,0,0,0,0,0,0,0,0,0,0,0,0,0,0,0,0,0,0,0,0,0,0,0,0,0,0,0,0,0,0,0,0,0,0,0,0,0,0,0,0,0,0,0,0,0,0,0,0,0,0,0,0,0,0,0,0,0,0,0,0,0,0,0,0,0,0,0,0,0,0,0,0,0,0.76189632422873,0,0,0,0,0,0,0,0,0,0,0,0,0,0,0,0,0,0,0,0,0,0,0,1.41446740078884,0,0,0,0,0,0,0,0,0,0,0.594586658723795,0,0,0,0,0,0,0,0,0,0,0,0,0,0,0,0,0,0,0,0,0
SRR_g,0,0,0,0,0,0,0,0,0,0,0,0,0,0,0,0,0,0,0,0,0,0,0,0,0,0,0,0,0,0,0,0,0,0,0,0,0,0,0,0,0,0,0,0,0,0,0,0,0,0,0,0,0,0,0,0,0,0,0,0,0,0,0,0,0,0,0,0,0,0,0,0,0,0,0,0,0,0,0,0,0,0,0,0,0,0,0,0,0,0,0,0,0,0,0,0,0,0,0,0,0,0,0,0,0,0,0,0,0,0,0,0,0,0.543166185708672,0,0,0,0.199974139961196,0,0,0,0,0,0,0,0,0,0,0,0,0,0,0,0,0,1.55332694264181,0,0,0,0,0,0,0,0,0,0,0,0,0,0,0,0,0,0,0,0,0,1.42588891911976,0,0,0,0,0,0,0,0,0,0,0,0,0.655896904095774,0.716648443332939,0,1.23294366918358,0,0
CBS_g,0,0,0,0,0,0,0,0,0,0,0,0,0,0,0,0,0,0,0,0,0,0,0,0,0,0,0,0,0,0,0,0,0,0,0,0,0,0,0,0,0,0,0,0,0,0,0,0,0,0,0,0,0,0,0,0,0,0,0,0,0,0,0,0,0,0,0,0,0,0,0,0,0,0,0,0,0,0,0,0,0,0,0,0,0,0,0,0,0,0,0,0,0,0,0,0,0,0,0,0,0,0,0,0,0,0,0,0,0,0,0,0,0,0,0,0,0,0,0,0,0,0,0,0,0,0,0,0,0,0,0,0,0,0,0,0,0,0,0,0,0,0,0,0,0,0,0,0,0,0,0,0,0,0,0,0,0,0,0,0,0,0,0,0,0,0,0,0,0,0,0,0,0,0,0,0
SPTLC1_g,0,0,0,0,0,0,0,0,0,0,0,0,0,0,0,0,0,0,0,0,0,0,0,0,0,0,0,0,0,0,0,0,0,0,0,0,0,0,0,0,0,0,0,0,0,0,0,0,0,0,0,0,0,0,0,0,0,0,0,0,0,0,0,0,0,0,0,0,0,0,0,0,0,0,0,0,0,0,0,0,0,0,0,0,0,0,0,0,0,0,0,0,0,0,0,0,0,0,0,0,0,0,0,0,0,0,0,0,0,0,0,0,0.915092409382046,0,0,0,0,0.745196724902284,0,1.1892661492317,0,0,0,0,0,0,0,0,0.640667211770496,1.39543857749124,0.362282663132309,1.49775064960821,1.19856343271331,0,0,0,1.31800966172393,0,0.942701643237358,0.705522882805455,0,0,0.816455749079109,0,0,0,0,1.67598354048649,0,0,0,0,0,0,0,0,1.11721937174511,0,0,0,0,0.854679670147183,0,0,0,1.08318697461192,0,0,0.475091618262599,0,1.04863038676248,0,0,0,0,0
SPTLC2_g,0,0,0,0,0,0,0,0,0,0,0,0,0,0,0,0,0,0,0,0,0,0,0,0,0,0,0,0,0,0,0,0,0,0,0,0,0,0,0,0,0,0,0,0,0,0,0,0,0,0,0,0,0,0,0,0,0,0,0,0,0,0,0,0,0,0,0,0,0,0,0,0,0,0,0,0,0,0,0,0,0,0,0,0,0,0,0,0,0,0,0,0,0,0,0,0,0,0,0,0,0,0,0,0,0,0,0,0,0,0,0,0,0,0,0,0,1.01977765085032,0.199974139961196,1.79719676565528,0,0,0,0,0,0,0,0,0,0,0,2.18142139298653,0,0,0,0,0,1.86747841588137,0,0.942701643237358,0,1.64966090504858,0.849360307408748,1.25986163338954,0,0,0,0,0.735254187499371,0,0,0,0,0,2.09870910705834,1.23455392786164,0,0,0,0,0,0,0,0,0,0,0,0,1.67492500739441,2.31475305373355,0,1.32988534064705,0,0,0,1.41991356428152,0
SPTLC3_g,0,0,0,0,0,0,0,0,0,0,0,0,0,0,0,0,0,0,0,0,0,0,0,0,0,0,0,0,0,0,0,0,0,0,0,0,0,0,0,0,0,0,0,0,0,0,0,0,0,0,0,0,0,0,0,0,0,0,0,0,0,0,0,0,0,0,0,0,0,0,0,0,0,0,0,0,0,0,0,0,0,0,0,0,0,0,0,0,0,0,0,0,0,0,0,0,0,0,0,0,0,0,0,0,0,0,0,0,0,0,0,0,0,0.543166185708672,0,0,0,0.199974139961196,0,0,0,0,0,0,0,0,0,0,0,0,0,0,0,0,0,0,0,0,0.942701643237358,0,0,0.849360307408748,0,0,0,0,0,0,0,0,0,0,0,0,0,0,0,0,0,0,0,0,0,0,0,0,0,0,0.475091618262599,0,0.655896904095774,0,0,0,0,0
SARS_g,0,0,0,0,0,0,0,0,0,0,0,0,0,0,0,0,0,0,0,0,0,0,0,0,0,0,0,0,0,0,0,0,0,0,0,0,0,0,0,0,0,0,0,0,0,0,0,0,0,0,0,0,0,0,0,0,0,0,0,0,0,0,0,0,0,0,0,0,0,0,0,0,0,0,0,0,0,0,0,0,0,0,0,0,0,0,0,0,0,0,0,0,0,0,0,0,0,0,0,0,0,0,0,0,0,0,0,0,0,0,0,0,1.38479623349887,0,0,0,0,0.509292560707635,0,0,0,0,0,0,0,0,1.75600655495005,1.65238423125736,0,0,0.362282663132309,0,1.19856343271331,1.94061461225251,0,0,0,1.87445118507317,1.20906791873526,0,0,0,0,0,0,0,2.62437183148919,0.735254187499371,0,0,0,0,0,0,0.964914557862208,1.39872190171545,0,0,0,0,0,0.854679670147183,2.35041450657388,0,0,0.681600559214576,0,0,0,0,0.655896904095774,0,0,0,1.41991356428152,0
SARS2_g,0,0,0,0,0,0,0,0,0,0,0,0,0,0,0,0,0,0,0,0,0,0,0,0,0,0,0,0,0,0,0,0,0,0,0,0,0,0,0,0,0,0,0,0,0,0,0,0,0,0,0,0,0,0,0,0,0,0,0,0,0,0,0,0,0,0,0,0,0,0,0,0,0,0,0,0,0,0,0,0,0,0,0,0,0,0,0,0,0,0,0,0,0,0,0,0,0,0,0,0,0,0,0,0,0,0,0,0,0,0,0,0,0,0,0,0,0,0,0,0.76189632422873,0,0,0,0,0,0,0,0,0,0,0,0,0,0,0,0,0,0,0.57855163232488,0,0,0,0.816455749079109,0,0,0,0,0,0,0,0,0,0,0,0,0,0,0,0,0,0,0,0,0,0,0,0,0,0,0,0,0,0,1.23294366918358,0,0
PTDSS1_g,0,0,0,0,0,0,0,0,0,0,0,0,0,0,0,0,0,0,0,0,0,0,0,0,0,0,0,0,0,0,0,0,0,0,0,0,0,0,0,0,0,0,0,0,0,0,0,0,0,0,0,0,0,0,0,0,0,0,0,0,0,0,0,0,0,0,0,0,0,0,0,0,0,0,0,0,0,0,0,0,0,0,0,0,0,0,0,0,0,0,0,0,0,0,0,0,0,0,0,0,0,0,0,0,0,0,0,0,0,0,0,0,0,0,0,0,0,0.366545709511999,0,0,0,0,0,0,0,0,0,0,0.640667211770496,0,0,0,0,0,0,0,0,0,0.57855163232488,0,0,0,0,0,0,0,0,0,0,0,0,0,0,0,0,0,0,0,0,0,0,0,0,0,0,0.681600559214576,0,0,0.475091618262599,0,0,0,0,0,0,0
PTDSS2_g,0,0,0,0,0,0,0,0,0,0,0,0,0,0,0,0,0,0,0,0,0,0,0,0,0,0,0,0,0,0,0,0,0,0,0,0,0,0,0,0,0,0,0,0,0,0,0,0,0,0,0,0,0,0,0,0,0,0,0,0,0,0,0,0,0,0,0,0,0,0,0,0,0,0,0,0,0,0,0,0,0,0,0,0,0,0,0,0,0,0,0,0,0,0,0,0,0,0,0,0,0,0,0,0,0,0,0,0,0,0,1.66338806773757,0,0,0,0,0,1.01977765085032,0,0,0.76189632422873,0,0,0,0,0,0,0,0,1.02800858898927,1.39543857749124,0.62765349388481,0,0,0,0,1.55332694264181,1.31800966172393,0,0,0.705522882805455,0,0,0.816455749079109,0,1.61200283849563,0,0,0.735254187499371,0,0,0,0,0,1.52122236300469,0,0.701449344272941,0,0,0,0,0,0,0,0,0,0.681600559214576,0,0,0.79584954138404,0,0,0,0,0,0,0
SLC1A4_g,0,0,0,0,0,0,0,0,0,0,0,0,0,0,0,0,0,0,0,0,0,0,0,0,0,0,0,0,0,0,0,0,0,0,0,0,0,0,0,0,0,0,0,0,0,0,0,0,0,0,0,0,0,0,0,0,0,0,0,0,0,0,0,0,0,0,0,0,0,0,0,0,0,0,0,0,0,0,0,0,0,0,0,0,0,0,0,0,0,0,0,0,0,0,0,0,0,0,0,0,0,0,0,0,0,0,0,0,0,0,0,0,0,0,0,1.25730527949211,0,0.366545709511999,0,0,0,0,0,0,0,0,0,0,0,0,0,0,0,0,0,0,0,0,0,0,0,0,0,0,0,0,0,0,0,0,0,0,0,0,0,0,0,0,1.7675908410758,0,0,0,1.21564815364914,0,0,0,0,0,0,0,0,0,0,0,1.98424114254952,0
SLC1A5_g,0,0,0,0,0,0,0,0,0,0,0,0,0,0,0,0,0,0,0,0,0,0,0,0,0,0,0,0,0,0,0,0,0,0,0,0,0,0,0,0,0,0,0,0,0,0,0,0,0,0,0,0,0,0,0,0,0,0,0,0,0,0,0,0,0,0,0,0,0,0,0,0,0,0,0,0,0,0,0,0,0,0,0,0,0,0,0,0,0,0,0,0,0,0,0,0,0,0,0,0,0,0,0,0,0,0,0,0,0,0,0,0,0,0,0,0,0,0,0,0,2.26934127872548,0,0,0,0,0,0,0,0,0,0,0,0,0,0,0,0,0,0,0,0,0,0,0,0,0,0,0,0,0,0,0,0,0,0,0,0,0,0,0,0,0,0,0,0,0,0,0,0,0,0,0,0,0,0,0
SLC3A2_g,0,0,0,0,0,0,0,0,0,0,0,0,0,0,0,0,0,0,0,0,0,0,0,0,0,0,0,0,0,0,0,0,0,0,0,0,0,0,0,0,0,0,0,0,0,0,0,0,0,0,0,0,0,0,0,0,0,0,0,0,0,0,0,0,0,0,0,0,0,0,0,0,0,0,0,0,0,0,0,0,0,0,0,0,0,0,0,0,0,0,0,0,0,0,0,0,0,0,0,0,0,0,0,0,0,0,0,0,0,0,0,2.12780896223697,0,1.8000815250766,0,0.609028751368045,0,0.745196724902284,0,2.42312117052128,0,0,0,0,0,0,0,0,0,0,0,1.00642746344316,1.19856343271331,0,0,0,1.86747841588137,1.87445118507317,1.20906791873526,1.11507942230615,0,1.61232414870373,0,0,1.61200283849563,0,0,2.01704379145849,2.38795483309312,0,0,0,0,1.52122236300469,2.01467013934041,0.701449344272941,1.11721937174511,1.42588891911976,1.7675908410758,0,0,1.95696252958017,1.74832268440137,0,0,1.36892404448484,0.977404698748076,0,0.475091618262599,0,0,2.68227207742637,0,1.23294366918358,0,0
SLC6A9_g,0,0,0,0,0,0,0,0,0,0,0,0,0,0,0,0,0,0,0,0,0,0,0,0,0,0,0,0,0,0,0,0,0,0,0,0,0,0,0,0,0,0,0,0,0,0,0,0,0,0,0,0,0,0,0,0,0,0,0,0,0,0,0,0,0,0,0,0,0,0,0,0,0,0,0,0,0,0,0,0,0,0,0,0,0,0,0,0,0,0,0,0,0,0,0,0,0,0,0,0,0,0,0,0,0,0,0,0,0,0,0,0,0,0,0,0,0,0,0,0,0,0,0,0,0,0,0,0,1.02800858898927,0,0,0,0,0,0,0,0,0,0,0,0,0,0,0,0,0,0,0,0,0,0,0,0,0,0,0,0,0,0,0,0,0,0,0,0,0,0,0,0,0,0,0,0,0,0,0
SLC6A14_g,0,0,0,0,0,0,0,0,0,0,0,0,0,0,0,0,0,0,0,0,0,0,0,0,0,0,0,0,0,0,0,0,0,0,0,0,0,0,0,0,0,0,0,0,0,0,0,0,0,0,0,0,0,0,0,0,0,0,0,0,0,0,0,0,0,0,0,0,0,0,0,0,0,0,0,0,0,0,0,0,0,0,0,0,0,0,0,0,0,0,0,0,0,0,0,0,0,0,0,0,0,0,0,0,0,0,0,0,0,0,0,0,0,0,0,0,0,0,0,0,0,0,0,0,0,0,0,0,0,0,0,0,0,0,0,0,0,0,0,0,0,0,0,0,0,0,0,0,0,0,0,0,0,0,0,0,0,0,0,0,0,0,0,0,0,0,0,0,0,0,0,0,0,0,0,0
SLC7A8_g,0,0,0,0,0,0,0,0,0,0,0,0,0,0,0,0,0,0,0,0,0,0,0,0,0,0,0,0,0,0,0,0,0,0,0,0,0,0,0,0,0,0,0,0,0,0,0,0,0,0,0,0,0,0,0,0,0,0,0,0,0,0,0,0,0,0,0,0,0,0,0,0,0,0,0,0,0,0,0,0,0,0,0,0,0,0,0,0,0,0,0,0,0,0,0,0,0,0,0,0,0,0,0,0,0,0,0,0,0,0,0,0,0,0.543166185708672,0,0,0,0.366545709511999,0,0,0,0,0,0,0,0,0,0,0,0,0,0,0,0,0,0,0,0,0,0,0,0,0,0,0,0,0,0,0,0,0,0,0,0,0.594586658723795,0,0,0,0,0,0,0.515998606526951,0,0,0,0.681600559214576,0,0,0.475091618262599,0,0,0,0,0,0,0
SLC7A10_g,0,0,0,0,0,0,0,0,0,0,0,0,0,0,0,0,0,0,0,0,0,0,0,0,0,0,0,0,0,0,0,0,0,0,0,0,0,0,0,0,0,0,0,0,0,0,0,0,0,0,0,0,0,0,0,0,0,0,0,0,0,0,0,0,0,0,0,0,0,0,0,0,0,0,0,0,0,0,0,0,0,0,0,0,0,0,0,0,0,0,0,0,0,0,0,0,0,0,0,0,0,0,0,0,0,0,0,0,0,0,0,0,0,0,0,0,0,0,0,0,0,0,0,0,0,0,0,0,0,0,0,0,0,0,0,0,0,0,0,0,0,0,0,0,0,0,0,0,0,0,0,0,0,0,0,0,0,0,0,0,0,0,0,0,0,0,0,0,0,0,0,0,0,0,0,0
SLC12A4_g,0,0,0,0,0,0,0,0,0,0,0,0,0,0,0,0,0,0,0,0,0,0,0,0,0,0,0,0,0,0,0,0,0,0,0,0,0,0,0,0,0,0,0,0,0,0,0,0,0,0,0,0,0,0,0,0,0,0,0,0,0,0,0,0,0,0,0,0,0,0,0,0,0,0,0,0,0,0,0,0,0,0,0,0,0,0,0,0,0,0,0,0,0,0,0,0,0,0,0,0,0,0,0,0,0,0,0,0,0,0,0,0,0,0,0,0.609028751368045,0,0,0,0,0,0,0,0,0,0,0,0,0,0,0,0,0,0,0,0,0,0,0,0,0,0,0,0,0,0,0,0.735254187499371,0,0,0,0,0,0,0.594586658723795,0,0,1.42588891911976,0,0,0,0,0,0,0,0,0,0,0,0,0,0,0,0,0,0
SLC25A1_g,0,0,0,0,0,0,0,0,0,0,0,0,0,0,0,0,0,0,0,0,0,0,0,0,0,0,0,0,0,0,0,0,0,0,0,0,0,0,0,0,0,0,0,0,0,0,0,0,0,0,0,0,0,0,0,0,0,0,0,0,0,0,0,0,0,0,0,0,0,0,0,0,0,0,0,0,0,0,0,0,0,0,0,0,0,0,0,0,0,0,0,0,0,0,0,0,0,0,0,0,0,0,0,0,0,0,0,0,0,0,0,0,0,0,0,0,0,0,0,0,0,0,0,0,0,0,0,0,0,0,0,0,1.19856343271331,0,0,0,0,0,0,0,0,0,0,0,0,0,0,0.735254187499371,0,0,0,0,0,0,0,0,0,1.42588891911976,0,0,0,0.854679670147183,0,1.95297183875224,0,0,0,0,0,0,0,0.716648443332939,0,0,0,0
SLC25A15_g,0,0,0,0,0,0,0,0,0,0,0,0,0,0,0,0,0,0,0,0,0,0,0,0,0,0,0,0,0,0,0,0,0,0,0,0,0,0,0,0,0,0,0,0,0,0,0,0,0,0,0,0,0,0,0,0,0,0,0,0,0,0,0,0,0,0,0,0,0,0,0,0,0,0,0,0,0,0,0,0,0,0,0,0,0,0,0,0,0,0,0,0,0,0,0,0,0,0,0,0,0,0,0,0,0,0,0,0,0,0,0,0,0,0,0,0,0,0.199974139961196,0,0,0,0,0,0,0,0,0,0,0,0,0,0,0,0,0,0,0,0,0,0,0,0,0,0,0,0,0,0,0,0,0,0,0,0,0,0,0,0,0,0,0,0,0,0,0,0,0,0,0,0,0,0,0,0,0,0
SLC25A28_g,0,0,0,0,0,0,0,0,0,0,0,0,0,0,0,0,0,0,0,0,0,0,0,0,0,0,0,0,0,0,0,0,0,0,0,0,0,0,0,0,0,0,0,0,0,0,0,0,0,0,0,0,0,0,0,0,0,0,0,0,0,0,0,0,0,0,0,0,0,0,0,0,0,0,0,0,0,0,0,0,0,0,0,0,0,0,0,0,0,0,0,0,0,0,0,0,0,0,0,0,0,0,0,0,0,0,0,0,0,0,0,0,0,0,0,0,0,0,1.25742531600063,0.76189632422873,0,0,0,0,0,0,0,0,0,0,0,0,0,0,0,0,0,0,0,0,0,0.849360307408748,0,0,0,0,0,0,0,0,0,0,2.23433661255518,1.52122236300469,0,0,0,0,0,0,0,0.515998606526951,0,0,0,0,0,0,0,0,1.04863038676248,0,0,0,0,0
SLC36A1_g,0,0,0,0,0,0,0,0,0,0,0,0,0,0,0,0,0,0,0,0,0,0,0,0,0,0,0,0,0,0,0,0,0,0,0,0,0,0,0,0,0,0,0,0,0,0,0,0,0,0,0,0,0,0,0,0,0,0,0,0,0,0,0,0,0,0,0,0,0,0,0,0,0,0,0,0,0,0,0,0,0,0,0,0,0,0,0,0,0,0,0,0,0,0,0,0,0,0,0,0,0,0,0,0,0,0,0,0,0,0,0,0,0,0,0,0,0,0.199974139961196,0,0,0,0,0,0,0,0,0,0,0,0,0.362282663132309,0,0,0,0,0,0,1.32405205224267,0.57855163232488,0,0,0,0,0,0,0,0,0,0,0,0,0,0,1.52122236300469,0,0,0,0,0,1.0915951805686,2.4088763494673,0,0,0,0,0,0,0,0,0,0,0,0,0,0,0
SLC38A1_g,0,0,0,0,0,0,0,0,0,0,0,0,0,0,0,0,0,0,0,0,0,0,0,0,0,0,0,0,0,0,0,0,0,0,0,0,0,0,0,0,0,0,0,0,0,0,0,0,0,0,0,0,0,0,0,0,0,0,0,0,0,0,0,0,0,0,0,0,0,0,0,0,0,0,0,0,0,0,0,0,0,0,0,0,0,0,0,0,0,0,0,0,0,0,0,0,0,0,0,0,0,0,0,0,0,0,0,0,0,0,0,0,0,0,0,0,0,0.366545709511999,0,0,0,0,0,0,0,0,0,0,0,0,0,0,0,0,0,0,1.86747841588137,2.22741554961536,0,0.705522882805455,0,0,0,0,0,0,0,0,0,0,0,0,0,0,0,1.10966659373897,0,1.42588891911976,0,0,0,0,1.74832268440137,0,0,0,0.977404698748076,0,0,0,0,0,0,0,0,0
SLC38A2_g,0,0,0,0,0,0,0,0,0,0,0,0,0,0,0,0,0,0,0,0,0,0,0,0,0,0,0,0,0,0,0,0,0,0,0,0,0,0,0,0,0,0,0,0,0,0,0,0,0,0,0,0,0,0,0,0,0,0,0,0,0,0,0,0,0,0,0,0,0,0,0,0,0,0,0,0,0,0,0,0,0,0,0,0,0,0,0,0,0,0,0,0,0,0,0,0,0,0,0,0,0,0,0,0,0,0,0,0,0,0,0,0,0,0,0,0.609028751368045,0,0.366545709511999,2.14582238206749,1.48772323750969,0,0,0,0,0,2.36259469819885,0,0,0,0,0,0,1.19856343271331,0,0,0,0,3.74666027957956,0,0,0,1.84886460342732,0,0,1.61200283849563,0,0,1.15436997293375,0,0,0,0,0,1.52122236300469,0,0.701449344272941,1.11721937174511,0,0,0,0,0,0,0,0,0.681600559214576,0,0,0.475091618262599,0,1.04863038676248,0,0,0,0,0
SLC38A4_g,0,0,0,0,0,0,0,0,0,0,0,0,0,0,0,0,0,0,0,0,0,0,0,0,0,0,0,0,0,0,0,0,0,0,0,0,0,0,0,0,0,0,0,0,0,0,0,0,0,0,0,0,0,0,0,0,0,0,0,0,0,0,0,0,0,0,0,0,0,0,0,0,0,0,0,0,0,0,0,0,0,0,0,0,0,0,0,0,0,0,0,0,0,0,0,0,0,0,0,0,0,0,0,0,0,0,0,0,0,0,0,0,0,0,0,0,0,0,0,0,0,0,0,0,0,0,0,0,0,0,0,0,0,0,0,0,0,0,0,0,0,0,0,0,0,0,0,0,0,0,0,0,0,0,0,0.701449344272941,0,0,0,0,0,0,0,0,0,0,0,0,0,0,0,0,0,0,0,0
SLC38A5_g,0,0,0,0,0,0,0,0,0,0,0,0,0,0,0,0,0,0,0,0,0,0,0,0,0,0,0,0,0,0,0,0,0,0,0,0,0,0,0,0,0,0,0,0,0,0,0,0,0,0,0,0,0,0,0,0,0,0,0,0,0,0,0,0,0,0,0,0,0,0,0,0,0,0,0,0,0,0,0,0,0,0,0,0,0,0,0,0,0,0,0,0,0,0,0,0,0,0,0,0,0,0,0,0,0,0,0,0,0,0,0,0,0,0,0,0,0,0,0,0,0,0,0,0,0,0,0,0,0.640667211770496,0,0,0,1.19856343271331,0,0,0,0,0,0,0,0,0,0,0,0,0,0,0,0,0,0,0,0,0,0,0,0,0,0,0,0,0,0,0,0,0,0,0,0,0,0,0,0,0,0,0
SLC38A7_g,0,0,0,0,0,0,0,0,0,0,0,0,0,0,0,0,0,0,0,0,0,0,0,0,0,0,0,0,0,0,0,0,0,0,0,0,0,0,0,0,0,0,0,0,0,0,0,0,0,0,0,0,0,0,0,0,0,0,0,0,0,0,0,0,0,0,0,0,0,0,0,0,0,0,0,0,0,0,0,0,0,0,0,0,0,0,0,0,0,0,0,0,0,0,0,0,0,0,0,0,0,0,0,0,0,0,0,0,0,0,0,0,0,0,0,0,0.634611463824358,0,1.25742531600063,0,0,0,0,0,0,0,0,0,0,0,0,0,0,0,0,0,0,0,0,0,0,0.849360307408748,0,0,0,0,0,0,0,0,0,0,0,0,0,0,0,0,0,0,0,0,0,0,0,0.681600559214576,0,0,0,0,0,0,0,0,0,0
ULK1_g,0,0,0,0,0,0,0,0,0,0,0,0,0,0,0,0,0,0,0,0,0,0,0,0,0,0,0,0,0,0,0,0,0,0,0,0,0,0,0,0,0,0,0,0,0,0,0,0,0,0,0,0,0,0,0,0,0,0,0,0,0,0,0,0,0,0,0,0,0,0,0,0,0,0,0,0,0,0,0,0,0,0,0,0,0,0,0,0,0,0,0,0,0,0,0,0,0,0,0,0,0,0,0,0,0,0,0,0,0,0,0,0,0,0,0,0,0,0.366545709511999,0,0,0,0,0,0,0,0,0,0,0,0,0.362282663132309,0,0,0,0,0,0,0,0,0,1.64966090504858,0,0,0,0,0,0,0,0,0,0,0,0,0,0.594586658723795,0,0,0,0,0,0,0,0,0,0,0.681600559214576,0,0,0.475091618262599,0,0,0,0,0,0,0
ULK2_g,0,0,0,0,0,0,0,0,0,0,0,0,0,0,0,0,0,0,0,0,0,0,0,0,0,0,0,0,0,0,0,0,0,0,0,0,0,0,0,0,0,0,0,0,0,0,0,0,0,0,0,0,0,0,0,0,0,0,0,0,0,0,0,0,0,0,0,0,0,0,0,0,0,0,0,0,0,0,0,0,0,0,0,0,0,0,0,0,0,0,0,0,0,0,0,0,0,0,0,0,0,0,0,0,0,0,0,0,0,0,0,0,1.38479623349887,0,0,0,0.634611463824358,0,0,0,0,0,0,0,2.0767337617138,1.43654912347323,0,0,0,0,0.837167382576547,0,0,0,0,0,0,0,0,0.705522882805455,0,0.849360307408748,0,0,0,0,0,0.735254187499371,0,0,0,0,0,0,0,0,1.11721937174511,0,0,0,0,0,0,0,0,0,0,0,0.79584954138404,0,0,0,0,0,0,0
ATG13_g,0,0,0,0,0,0,0,0,0,0,0,0,0,0,0,0,0,0,0,0,0,0,0,0,0,0,0,0,0,0,0,0,0,0,0,0,0,0,0,0,0,0,0,0,0,0,0,0,0,0,0,0,0,0,0,0,0,0,0,0,0,0,0,0,0,0,0,0,0,0,0,0,0,0,0,0,0,0,0,0,0,0,0,0,0,0,0,0,0,0,0,0,0,0,0,0,0,0,0,0,0,0,0,0,0,0,0,0,0,0,0,0,0,0,1.48165090626768,0.609028751368045,1.01977765085032,0.509292560707635,1.25742531600063,0,0,0,0,0,0,0,0,0,0.640667211770496,0,0.837167382576547,0,0,0,0,0,0,1.32405205224267,0,0,0,0,0,0,0,0,0,0,0,0,0,0,0,0,0,0,0,0,0,0,0,0,0,0,0,0,0,1.67492500739441,0,0,0.655896904095774,0,0,0,0,0
ATG101_g,0,0,0,0,0,0,0,0,0,0,0,0,0,0,0,0,0,0,0,0,0,0,0,0,0,0,0,0,0,0,0,0,0,0,0,0,0,0,0,0,0,0,0,0,0,0,0,0,0,0,0,0,0,0,0,0,0,0,0,0,0,0,0,0,0,0,0,0,0,0,0,0,0,0,0,0,0,0,0,0,0,0,0,0,0,0,0,0,0,0,0,0,0,0,0,0,0,0,0,0,0,0,0,0,0,0,0,0,0,0,0,0,0,0,0,0,0,0,0,0,0,0,0,0,0,0,0,0,0,0,0,0,0,0,0,0,0,0,0,0,0,0,0,0,0,0,0,0,0,0,0,0,0,0,0.964914557862208,0,0,0,0,0,0,0,0,0,0,0,0,0,0,0,0,0.716648443332939,0,0,0,0
RB1CC1_g,0,0,0,0,0,0,0,0,0,0,0,0,0,0,0,0,0,0,0,0,0,0,0,0,0,0,0,0,0,0,0,0,0,0,0,0,0,0,0,0,0,0,0,0,0,0,0,0,0,0,0,0,0,0,0,0,0,0,0,0,0,0,0,0,0,0,0,0,0,0,0,0,0,0,0,0,0,0,0,0,0,0,0,0,0,0,0,0,0,0,0,0,0,0,0,0,0,0,0,0,0,0,0,0,0,0,0,0,0,0,0,0,0,0,2.05417604315834,1.25730527949211,0,0.509292560707635,0,0,0,1.87468475626089,0,0,0,0,0,0,0,1.95635388285499,0.362282663132309,0,0,0,0,0,2.48022173006103,1.32405205224267,1.20906791873526,1.11507942230615,0,1.30190717924337,0.816455749079109,0,2.20007408950475,0,0,0,0,0,0,2.3430781975401,2.87246613470874,0,0,0,0,0,1.7675908410758,1.0915951805686,0,0.515998606526951,0,1.95297183875224,1.87002740356441,1.08318697461192,0,0,0.475091618262599,0,1.32988534064705,0,0,0,0,0
