,ser1,ser2,ser3,r5p1,r5p2,r5p3,r5p4,r5p5,IMP1,IMP2,IMP3,IMP4,IMP5,GMP1,GMP2,GMP3,GMP4,GMP5,INO1,INO2,INO3,INO4,INO5,GUO1,GUO2,GUO3,GUO4,GUO5,GDP1,GDP2,GDP3,GDP4,GDP5,AMP1,AMP2,AMP3,AMP4,AMP5
P4_1,12.82325746,5.510698754,5.248298145,2.117821147,5.058429629,3.627440713,2.587727368,5.145345715,3.482623129,5.033887442,3.485707156,2.426575349,4.718890603,2.828682326,4.863240871,3.441331603,2.408879252,4.743974055,2.03678809,3.789024804,2.691519709,1.9444157,3.769567294,2.086408432,4.797319208,3.440439628,2.467281817,4.927492404,2.320152821,3.902525645,2.641114203,1.986670256,3.842175843,2.667493368,3.843320359,2.728080008,1.862954977,3.682205363
P4_2,9.697754286,4.686451289,4.667848812,2.690037993,4.896301782,3.961194411,2.454414342,6.932286721,3.363115519,3.877946215,2.863806681,1.902192811,4.708119336,2.850790136,4.461076163,3.534892139,2.210851238,6.083307525,0.999154247,1.536520646,1.080662785,0.986764038,2.195945573,2.713750419,4.675312311,3.775230149,2.320905819,6.530359484,1.239868636,1.964974315,1.603950395,1.055536206,2.767883077,1.68005608,1.985922375,1.543074036,1.017679998,2.532422726
P4_3,11.18870478,4.630088413,6.481774816,2.633705832,5.368046038,4.983916953,2.35021206,5.614344623,3.069672688,4.837391914,4.503695668,1.898699008,4.39370805,2.589752474,4.56783019,4.220323196,1.945518122,4.507201065,2.162212917,4.08834017,3.68491603,1.778477629,4.179669384,2.619467608,5.208493522,4.847172483,2.255487385,5.38338887,1.743843242,3.0265248,2.599923965,1.383854882,3.124343899,2.260492555,3.568162472,3.40652783,1.348881978,3.087032938
P4_4,13.22519262,3.896690695,6.117641604,2.458184779,4.913921156,3.578544503,2.544853621,4.700516904,3.170519165,4.344039936,3.20355399,2.139934629,3.929431766,2.577455696,4.32210734,3.217772316,2.248655344,4.134473223,2.095672388,3.655676328,2.660637253,1.893229538,3.434097691,2.430149917,4.48842366,3.335133197,2.330331558,4.330794689,1.936621653,3.219727007,2.477122155,1.672628124,2.983329564,1.992521705,2.68255299,2.182230962,1.325120546,2.398630092
P4_5,12.43848938,6.479549946,7.561624331,2.730684555,4.67519595,3.699101327,2.298504367,4.489792558,3.156096241,4.500719666,3.459712124,2.115333327,4.059393048,2.731572052,4.167967515,3.309766236,2.053171801,3.86273836,2.622188034,4.256934269,3.360414394,2.050425895,3.999226583,2.596299799,4.385256243,3.46845215,2.157374196,4.197479496,2.375477554,3.608401198,2.870888704,1.780762211,3.331849889,2.445257985,3.465508824,2.673280104,1.638637996,3.106817619
P4_6,12.99494737,3.122108439,4.82367567,2.301735455,4.491911067,2.263581941,2.695692683,6.102872718,3.041916067,3.473813461,1.80580981,1.971755297,4.190955691,2.442747174,4.105529589,2.076336413,2.42216035,5.430529439,1.646643811,2.869002635,1.193499931,1.80225427,3.810742685,2.338277475,4.265542915,2.156918825,2.525543923,5.712883859,1.343709638,2.339761574,1.083672423,1.389200296,3.045911232,1.412759674,1.663580836,0.973105656,0.972987309,2.063005522
P4_7,12.8227685,3.643111557,5.449454099,2.592824927,4.338334914,3.691839704,2.546559712,5.483755778,3.448945322,4.32779565,3.544163814,2.3765749,5.045350017,2.909513079,4.169886038,3.472456568,2.380599965,5.078409412,1.767704961,2.435395027,1.977930844,1.438294785,2.707110532,2.695742638,4.270708073,3.606743489,2.470060162,5.316974732,1.890902578,2.644847373,2.231393188,1.53326365,3.078424812,2.440722782,3.142692608,2.583786842,1.683993509,3.566443536
P4_8,11.05264278,2.925779714,4.062621416,2.246128307,5.094697412,2.81088175,2.354491662,5.905527371,2.978037075,4.347255997,2.473587893,1.919196828,4.599574629,2.39288057,4.829546792,2.669542459,2.190385007,5.480588531,1.781875222,3.42195709,1.789238139,1.56937139,3.811169135,2.162254397,4.78097002,2.595146787,2.218445513,5.512868529,2.013742232,4.274315641,2.324079881,1.887234786,4.775897381,1.707427389,2.799940165,1.697748672,1.245223134,2.988325745
P4_9,11.03428272,4.768122209,9.317442678,2.408660317,5.346693951,4.908891661,1.839398131,4.876434787,3.312985304,5.504088671,4.88104426,1.8748502,4.664571827,2.571598473,4.681255844,4.463798529,1.656297925,4.247367613,1.978835409,3.801165159,3.255251951,1.268005959,3.279518216,2.382922829,5.043173263,4.59991061,1.762764646,4.591186048,1.518849203,2.681510654,2.44404135,0.964000892,2.410537841,2.719871123,4.531052104,4.122546233,1.566503576,3.821103494
P4_10,11.24249786,4.161556143,5.432741178,2.036776729,5.345327197,4.415981128,2.484957365,4.965906899,2.764096943,4.745567762,3.86652146,2.118638458,4.248667371,2.140848826,4.850497585,4.060563347,2.226296875,4.543187785,1.65787109,3.638074356,2.863568724,1.740793986,3.264546686,2.029823127,4.930675204,4.142369419,2.293690663,4.662398547,1.653746106,3.838753424,3.015266214,1.762159877,3.522373829,2.004638552,3.340740653,2.794140742,1.49218103,3.047249714
P4_11,12.62908915,3.55287118,6.802155617,1.777495093,4.765969381,3.421875114,2.020651489,3.845749555,2.528132176,4.371362111,3.098332756,1.769022124,3.353892749,1.904257412,3.994851975,2.923896224,1.738315415,3.189938116,1.655056009,4.101582053,2.942438981,1.709784937,3.295150338,1.779567415,4.344886951,3.154107079,1.833224719,3.533816781,1.688860336,3.54223576,2.585752781,1.548203306,2.791759973,1.710542784,2.943941223,2.100025545,1.2175503,2.261859514
P4_12,11.9623145,3.413167438,4.916703529,1.901952439,5.061154914,3.504863482,2.422216608,4.749754113,2.769544904,4.391089993,2.97290155,1.963076137,4.080738031,2.139567518,4.707969929,3.251594267,2.210185872,4.416259817,1.702115368,3.512774953,2.448231954,1.660939734,3.208665032,1.970646262,4.777337651,3.328599869,2.280288299,4.524846368,1.790655245,4.06504074,2.781914699,1.853212568,3.785598522,1.998892046,3.144321811,2.181687422,1.418792012,2.960974007
P4_13,12.6672718,5.204867112,4.952109371,1.754405624,4.805487749,4.376721225,2.418564571,4.935172465,2.638533438,3.500644908,2.821061527,1.904727385,3.55929701,2.056711042,3.90119277,3.393790862,2.123853319,4.083990736,1.35265589,2.766661932,2.394922794,1.667244909,3.04757015,1.777614337,4.043026942,3.626876438,2.232645002,4.295653482,1.32782334,2.554089749,2.226013175,1.449691317,2.657999733,1.804803114,2.425916501,1.956958574,1.356065033,2.524282385
P4_14,13.76035774,2.98371528,4.72762474,2.308895935,4.24493482,2.137189059,2.777023641,6.253354483,2.93056409,3.73108522,1.904711168,2.237192922,4.962517126,2.484805371,3.914770822,1.971101137,2.492396114,5.568503893,1.835251132,2.712047725,1.285623243,1.730147398,3.794041662,2.415138489,4.083736871,2.070526398,2.630992366,5.903483779,1.603723404,2.550306793,1.246721697,1.654790055,3.632394719,1.72326945,2.16280974,1.221425784,1.245419973,2.838975504
P4_15,11.34845311,3.48156998,4.834339836,1.486340575,4.762126786,2.385749448,2.292407059,5.63197674,2.730537413,4.837294057,2.355508752,2.197688243,5.185006758,1.966079499,4.2955174,2.182471457,2.039235356,4.858579484,1.269195206,2.757112173,1.366836883,1.264247649,3.078027763,1.582470736,4.647329578,2.330625413,2.21893103,5.433122852,1.410566562,3.08492899,1.435026765,1.521541999,3.490454406,1.840450042,3.2363636,1.641935892,1.424627339,3.42875605
P4_16,11.66254183,4.261352286,3.465018282,1.969923375,6.550544633,4.802169267,2.32482444,3.533603496,2.466961081,3.326893439,2.567561523,1.309971055,2.147834908,1.654737747,4.825039581,3.384062468,1.750014168,2.633696707,1.399802124,4.120005206,2.622009426,1.532053755,2.100345842,1.605382734,4.213689389,3.460393014,1.577920937,2.727184902,1.261964658,3.906093757,2.417067588,1.439431435,1.990040398,1.442449233,1.997795336,1.707209672,0.834106077,1.436929734
P4_17,9.86931701,5.424678789,7.943503442,2.742794544,4.73585785,4.812338898,1.752956459,4.316468357,3.534616805,4.882816002,4.678334224,1.740729162,4.00335211,2.622120152,4.078394317,4.090654748,1.498782738,3.427125939,2.225062493,3.490379367,3.461514118,1.309773943,3.13570956,2.725252232,4.586807508,4.660982424,1.687337014,4.126151821,1.568424694,2.288124685,2.243062386,0.950224144,1.99642102,2.623301481,3.654218689,3.557796231,1.311206935,2.889356153
P4_18,12.26405164,3.150365342,4.644402102,2.155909455,5.050696756,3.130040614,2.465712069,6.565703508,2.877921799,4.477131748,2.924683759,2.077795107,5.407663824,2.338109479,4.83838121,3.029504475,2.315824057,6.164546602,1.583747396,3.228440504,1.768418851,1.591647812,4.144936305,2.243981085,4.932147794,3.049595133,2.384364426,6.347075509,1.507328109,3.500242247,1.961623926,1.637906938,4.510472473,1.669042471,2.866195275,2.043327957,1.307499434,3.507600844
P4_19,11.60056655,3.538963365,7.650918181,2.118752563,5.038043299,4.017303763,1.925477465,4.00007998,3.149390274,4.68435632,3.643978723,1.682597007,3.436229861,2.148389309,3.572602612,3.001433186,1.389921068,2.72907671,1.852801279,3.79255893,2.948772855,1.417578446,2.938665456,2.138758619,4.722232314,3.809749443,1.787029502,3.783785328,1.221978254,2.208977423,1.767739172,0.881009604,1.63676154,1.952715178,2.90982327,2.252113899,0.998696464,2.039083662
P4_20,12.16646994,3.378106922,4.376855787,2.698293705,4.808775238,3.727140855,2.639062454,7.078579815,3.467734844,4.571184718,3.443174973,2.410283017,6.215115666,2.961461176,4.557207827,3.479923757,2.458996091,6.494770265,1.050080933,1.3853875,0.878405587,0.888866786,2.039369258,2.799173409,4.724788568,3.658976158,2.561203249,6.85910204,1.346641998,2.008727007,1.524174907,1.131289727,2.927478554,2.246805784,3.07121299,2.397508247,1.604685506,4.208998778
P4_21,9.887754437,3.308429045,4.365692992,1.847218313,5.119476491,2.634733845,2.526115271,6.269178829,2.384348608,4.56198839,2.51118132,2.139363224,5.243377038,1.94987534,4.581657815,2.444567279,2.232355715,5.484570447,1.319217822,3.018920397,1.449126154,1.490233341,3.550706318,1.8620621,4.950111825,2.54958347,2.430999856,6.029258836,1.425533826,3.24909668,1.614153317,1.607606441,3.857930607,1.414551245,3.019638693,1.878631214,1.371348055,3.435575252
P4_22,10.9418874,4.307233088,4.352479263,0.941933421,4.67283399,3.373923969,2.422079965,4.544227161,2.064037463,3.817090351,2.574829948,1.7538432,3.494997612,1.239850681,4.143134701,2.930156342,2.108297227,3.93030314,0.90909135,3.135321784,2.279129443,1.646958893,3.099711542,0.957196753,4.404634377,3.189757724,2.272342456,4.323597384,0.943101747,3.232268766,2.233004679,1.62609149,3.082142057,1.254966324,2.37692654,1.584113569,1.106330263,2.22910241
P4_23,14.48238971,3.238736157,5.750923649,2.42687109,5.484036324,4.352920328,2.501557762,4.768696774,4.097854912,5.013562672,3.920816245,2.175803543,4.067504386,3.232582068,4.871602711,3.838690277,2.179411466,4.108367622,2.228913744,3.695057901,2.856001427,1.648703864,3.005655025,2.546225839,4.983552957,4.026367613,2.275383974,4.410655313,1.998328849,3.198694732,2.44904348,1.429217094,2.601858533,2.454520482,2.95389881,2.394775596,1.307995598,2.534888538
P4_24,13.58545877,3.75204424,6.431044486,2.829799295,5.065758968,4.073994338,2.571975039,5.004535608,3.458847686,4.5188466,3.676936985,2.253197075,4.225225982,2.99828034,4.687617739,3.837841539,2.367624156,4.61492685,2.290816071,3.649720727,2.893382526,1.862112636,3.47522655,2.665711934,4.466906695,3.667700451,2.315155962,4.422974712,2.266198831,3.51857577,2.901474751,1.777998719,3.339172877,2.427254543,3.273158573,2.848015941,1.608255441,3.054442821
P4_25,11.17693684,4.924926652,8.795692994,1.321769677,3.412915626,2.446372771,1.343071539,3.645276453,2.034375386,3.276761164,2.196239235,1.149782537,3.05382781,1.100733849,2.304986757,1.614272404,0.91675188,2.196325072,1.294670045,2.917728398,2.068805714,1.08126696,2.975117731,1.219068139,3.118221093,2.220765802,1.26323782,3.378509954,0.735282351,1.548575218,1.060688179,0.637134022,1.427512301,1.085791017,1.747929076,1.12344009,0.632942683,1.535667037
P4_26,11.79827518,2.779684697,3.978356667,1.928741139,4.836147727,3.191739582,2.376144291,6.742196962,2.892113759,4.594267436,2.962855443,2.163633191,5.987250573,2.269310258,4.714421835,3.087177759,2.267441331,6.391193597,1.660929513,3.104976171,2.041817469,1.510611702,4.182927186,2.087721122,4.7488407,3.124414067,2.312007094,6.531826429,1.68464589,3.846703776,2.51340885,1.791049084,5.245939157,1.928664864,3.039575694,1.982646918,1.429174162,3.926272922
P4_27,11.17453177,3.741929599,4.795153736,2.129814299,5.109270996,3.407629118,2.309647401,4.962586153,3.476779728,5.073344254,3.209306281,2.118182001,4.273395974,2.677011299,4.458596793,2.872139777,1.927525903,3.965950846,1.908585254,3.39863181,2.215063391,1.477423039,3.032310745,2.215297144,4.963388178,3.310787507,2.2230488,4.761350409,1.65702875,3.045538415,1.773796066,1.336051384,2.668886973,2.308744873,3.590699684,2.176510794,1.442108156,2.898780358
P4_28,13.08078617,3.671463823,4.462782942,1.981961795,4.228813629,3.295823022,2.395241962,6.094055773,2.726321818,4.084371345,3.05508265,2.25209163,5.58315177,2.297412127,4.149965318,3.204031058,2.308793483,5.837144793,1.591650511,2.943530252,2.340587124,1.636406454,4.097066746,2.156813231,4.169374774,3.23158934,2.342473448,5.928365413,1.643376597,3.256796125,2.529887542,1.801856398,4.650553942,1.955798311,2.840564484,2.163726097,1.594711885,3.90858157
P4_29,13.54154637,3.5093404,5.771265533,2.595813904,4.8465635,3.522541725,2.463641554,6.79731238,3.525256963,4.814961328,3.358689969,2.36319498,6.185826653,3.034452985,4.815690017,3.43512067,2.393412108,6.490679448,1.818708985,2.821475422,1.975973467,1.45616286,3.81730213,2.835201098,4.810476235,3.459687797,2.41504463,6.607795357,1.68999571,3.043957304,2.072781512,1.487520467,4.191949352,2.552134751,3.512171157,2.492944386,1.743424522,4.50986463
P4_30,11.71361357,4.175542063,6.168926614,3.123353574,5.743789558,6.57632062,2.652148121,5.785298274,4.521721813,5.679561617,6.210860605,2.522859629,5.319257599,3.405737113,5.521856283,6.229396962,2.52911333,5.443822903,2.668965536,4.395868422,5.055865855,1.99079402,4.379414297,3.268460618,5.674940153,6.471830582,2.607343621,5.653488443,1.876082468,3.037697629,3.315655335,1.485826526,2.956732012,3.050067784,3.843304028,4.17036912,1.730932929,3.623708815
P4_31,11.47455726,4.213813626,5.327511526,1.328838447,5.376385777,2.416489122,2.016962957,5.290323273,3.559008242,5.762896343,2.589159938,2.001266268,4.934181413,2.408136522,4.555487275,2.134290228,1.653388637,4.121950084,1.641388322,3.495926078,1.520624772,1.214124076,3.131444021,1.437432616,5.262681673,2.363041361,1.962213545,5.131321384,1.459353397,2.844929722,1.170197126,1.057021287,2.621125736,2.584600568,4.24843278,1.789314058,1.430203175,3.616009933
P4_32,11.31852868,3.124497172,3.468948524,1.928349868,6.225470194,4.159972829,2.385988741,3.971700915,2.987531478,5.855713157,3.787912257,2.225995803,3.441365738,2.219008907,5.590079519,3.596573829,2.124299223,3.379201334,1.70950345,4.59458048,3.065037249,1.743457161,2.876295813,1.968793219,5.874050333,3.925217086,2.245743503,3.705450757,1.669929303,4.718751119,2.752861604,1.803407171,2.670536114,2.29769959,4.764533998,2.91796354,1.793953796,2.542615813
P4_33,9.089283274,3.973972014,5.654850552,1.673536848,5.678460966,3.685036248,2.077720934,5.160581627,2.614236247,5.598259218,3.598793577,2.007222246,4.808300447,1.897991985,5.216587948,3.31505268,1.864999532,4.595061239,1.441063902,3.741743635,2.458356904,1.329257981,3.189380545,1.709902568,5.451417877,3.547846168,1.996603756,4.960600907,1.274084166,3.792734446,2.178373396,1.341192218,3.323940692,1.917512589,4.10862771,2.748083013,1.457881638,3.491817645
P4_34,12.98363575,3.153837203,4.738910855,2.411095756,4.328066742,2.642612457,2.752437071,6.591432351,2.94393767,3.733514651,2.292096139,2.187753326,5.21840238,2.575557795,4.005427997,2.45448288,2.470995463,5.905660724,1.945784805,2.835815811,1.683332637,1.821349938,4.268342269,2.496508292,4.179368631,2.557973827,2.623350505,6.27310889,1.744100033,2.772202142,1.707467179,1.733609542,4.245620412,1.802519438,2.257449702,1.460809271,1.305562911,3.165013477
P4_35,9.491983441,4.836613056,6.010425885,1.993577815,4.155570017,3.287181401,1.846919075,4.557831436,2.553195322,3.592520673,2.984782291,1.522244358,3.506029052,1.969376361,3.7642397,3.04395305,1.667126934,3.931426001,1.662074119,3.153355316,2.439333768,1.401396481,3.438572932,1.987794352,3.970444907,3.113524113,1.768642552,4.321573546,1.561935716,3.007662156,2.32448027,1.397391094,3.212220406,1.561808583,2.367459396,2.174862382,1.036137936,2.289793938
P4_36,10.43045045,4.571061441,5.031736285,2.545232178,5.148362139,5.008421359,2.671618624,6.208889658,3.517550649,4.344401807,4.028086431,2.201862789,4.71444637,2.731699965,4.653949862,4.544555078,2.39891533,5.547442303,1.491396168,2.499181127,2.14969389,1.469190962,2.845341431,2.589130158,4.799934017,4.747448209,2.48295333,5.815437681,1.491012539,2.596396398,2.55385878,1.409454906,2.988988867,1.920132634,2.328055989,2.213384075,1.228437619,2.608053631
P4_37,10.56911119,3.537573878,3.604014481,2.269279114,4.730965621,1.953042339,2.613202771,5.641829098,2.862618323,3.048240047,1.641618956,1.545442125,3.012690873,2.306363378,4.209656168,1.795619953,2.288032393,4.877241145,1.929376432,3.714616861,1.427534053,1.97930231,4.353380557,2.259961546,4.577432568,1.881227461,2.509357784,5.417391446,1.877885296,3.427082036,1.362889628,1.867442561,3.973476859,1.150622351,1.580050205,1.098695885,0.819063582,1.568978565
P4_38,11.53333119,4.659818413,5.491725955,3.268612791,6.010386538,6.05322621,2.397197194,6.089254347,3.92614442,5.569180258,5.484912808,2.157776019,5.122283095,2.926991461,4.633110896,4.686229874,1.866899178,4.481832548,2.464153979,4.186526919,4.20126272,1.686999253,4.160921844,3.062746535,5.340455429,5.407395381,2.141402795,5.323223161,1.833547171,2.841585976,2.764906586,1.21565807,2.794248999,2.593105759,3.646733758,3.630686299,1.426776619,3.25463389
P4_39,13.70814741,5.319605574,6.727140737,2.724182189,5.337977203,3.529989553,2.198768586,4.010908612,3.162274323,4.838740426,3.230131186,1.955451424,3.585567682,2.551335816,4.314246596,2.977631399,1.860108924,3.365313278,2.359781743,4.386671027,2.947431364,1.798664759,3.307552773,2.597284069,4.867691853,3.252665036,2.006123244,3.685273007,2.141599762,3.619166713,2.490584905,1.602643997,2.881279748,2.240622242,3.328825811,2.310816025,1.405207861,2.564788838
P4_40,11.2803474,4.810060176,7.827519501,2.584893494,4.71202976,4.590579347,1.79678105,4.368904997,3.614243562,4.850194123,4.47423488,1.819071916,4.091059385,2.752651694,4.153609763,4.024238512,1.622201711,3.690114977,2.31690494,3.864357404,3.702837164,1.448798,3.49967878,2.563637967,4.483194214,4.391938343,1.744298947,4.1747124,1.82616504,2.626185824,2.445864092,1.099164326,2.333533312,2.503372938,3.308146623,3.057015407,1.300612879,2.770346091
P4_41,12.32078315,3.878464394,6.400723078,2.080860102,4.234928657,3.137460109,2.032893689,4.565947194,2.858972923,3.864712185,2.768340061,1.768125278,3.954038083,2.239207024,3.707400754,2.739195431,1.805791652,4.027035853,1.68722089,3.066759146,2.153627053,1.412133346,3.141950394,2.099111019,3.75285379,2.774763363,1.846013507,4.132684,1.382100186,2.420843517,1.743369328,1.166917655,2.51421112,1.818797971,2.373498668,1.696225521,1.126912405,2.534763164
P4_42,12.2618902,4.013354345,5.494063943,3.325410244,4.305227809,3.924774874,2.639236174,6.719955075,4.343444165,4.156304941,3.512451966,2.434789928,5.730390129,3.762747244,4.197140935,3.691509336,2.489099631,6.183972554,1.871023666,1.902220433,1.592758566,1.281993215,2.894536692,3.49843722,4.214555876,3.774998619,2.525356327,6.378939906,1.904373397,1.90872623,1.775749923,1.240684876,2.965221616,2.603475534,2.628656367,2.139369216,1.527063604,3.574588774
P4_43,13.65066577,3.766466276,6.504616281,2.799889082,4.431798545,3.365117333,2.742091844,6.054153172,3.483226319,4.259241337,3.187878483,2.444267927,5.322018006,3.109290169,4.306021017,3.251155436,2.578047343,5.644461565,2.089972068,2.907545551,2.16255478,1.801532358,3.798902687,2.981268825,4.357960324,3.292970674,2.650858043,5.822646672,1.788831526,2.500472515,1.925033445,1.540494599,3.238623233,2.5100645,3.05193077,2.382825818,1.715220745,3.760216868
P4_44,12.67178396,3.702018151,3.540149182,1.904837045,4.456988121,2.323255479,2.651632113,6.701003236,3.65370342,4.445450231,2.288140801,2.338659794,5.746585523,2.443624884,4.276875659,2.235047048,2.457865661,6.151937119,1.820343664,2.405512692,1.135665996,1.380204066,3.300770736,2.134316224,4.332181175,2.273594471,2.524830952,6.34282604,1.550574524,2.774923858,1.382384795,1.621000428,4.039142426,2.312045373,2.797299714,1.501456266,1.446426763,3.618824237
P4_45,13.27173881,4.528990648,6.004506238,2.696660439,5.1208905,4.724631694,2.569588986,5.62190893,3.600681904,4.466009887,3.74656948,2.107764482,4.454626388,2.862384972,4.579254642,4.027136088,2.225663122,4.990479628,1.878308834,3.170091344,2.896719618,1.635320292,3.300669814,2.690922475,4.637107605,4.110700042,2.276743026,5.154706264,1.566239959,2.526029528,2.128392387,1.298917468,2.690211973,2.226570534,2.870011339,2.459396574,1.363652593,2.950052895
P4_46,12.83533767,4.379842075,5.962924757,2.476319766,4.30356499,3.602617861,2.7141075,5.693982475,3.276555033,4.129918456,3.291102698,2.419417623,4.998243362,2.799645758,4.191045806,3.459604974,2.559165626,5.344246379,1.952239643,2.99248055,2.402048338,1.898125477,3.820416077,2.662031068,4.246677022,3.53361077,2.631512344,5.49975136,1.779789641,2.730698294,2.298475386,1.701608743,3.427622633,2.341140847,2.888618959,2.296859231,1.69528627,3.507343433
P4_47,8.130245022,4.019159416,4.981940449,1.2912809,5.35690299,2.290624589,2.283557824,6.387371571,1.692590766,5.275154526,2.26170093,2.196370874,6.083207548,1.325462422,4.610355915,2.035672677,1.935842218,5.392398971,0.741946113,2.732076956,1.054924269,1.117437655,3.08139993,1.295422898,5.21396198,2.232082824,2.215007021,6.206504636,0.878135953,3.087778852,1.248672805,1.285313476,3.535180494,1.224198404,3.764156132,1.676319755,1.538401176,4.314227384
P4_48,13.52406242,3.941012684,6.280084403,2.711714356,4.685315267,4.426407414,2.536257712,6.216137575,3.607077172,4.815986412,4.320483354,2.50395466,5.926442824,3.040993935,4.600837852,4.268614057,2.442541997,5.92492979,1.947510275,2.709541003,2.449905335,1.493030306,3.407155332,2.85357723,4.619099531,4.327254323,2.476492847,6.046353688,1.69942912,2.645691103,2.496064041,1.460481126,3.514086055,2.735379461,3.666559528,3.279183156,1.898466092,4.46343174
P4_49,12.9756539,3.666598139,5.200939805,1.85568868,4.739745292,2.578560065,2.418964617,5.145900104,2.859125064,4.379132749,2.330469264,2.059596265,4.498594845,2.003317705,4.113383487,2.283699991,2.145268194,4.438435647,1.495811239,2.810790076,1.394395087,1.395856808,2.861695178,1.843078802,4.563821568,2.505900729,2.312253055,4.922643875,1.328021603,2.636173984,1.485959902,1.360921058,2.689930044,1.773411961,2.809761237,1.579426066,1.309923611,2.848404057
P4_50,12.15825278,3.873287451,4.916487372,2.397411978,4.158672185,2.541171391,2.576187664,5.627246502,2.129522914,3.027323255,1.872227998,1.725091698,3.647232278,2.120453983,3.227118122,1.926998928,1.999831128,4.188515619,1.867315856,3.039662806,1.845342763,1.824719296,4.047328556,2.275479238,3.867512314,2.35288436,2.389399338,5.198326676,1.655291898,2.477264108,1.448127525,1.59510556,3.282641011,1.186397961,1.6697718,1.061899732,0.929123382,1.914848228
P4_51,12.05049274,3.916546411,4.589240101,1.437301291,4.799645115,2.873374356,2.522359997,6.005283405,2.385384413,4.67884951,2.741117225,2.318673373,5.450847773,1.753816979,4.397051218,2.675595816,2.272232434,5.346601819,1.142885413,2.811646488,1.672517259,1.514345593,3.474630355,1.457152374,4.643559306,2.782901771,2.423489724,5.780417494,1.118676238,2.871531362,1.686858956,1.538083675,3.613664222,1.630241847,3.224409471,2.033690805,1.541498671,3.699019192
P4_52,11.32343918,3.823810468,5.03555631,1.889647939,5.370075855,3.984047075,2.249885438,6.085242016,2.551241468,5.222440107,3.785672896,2.189099216,5.651437649,2.041596974,5.079385187,3.817700317,2.106149528,5.654131886,1.514457926,3.570151868,2.726251643,1.478208091,3.923690101,1.934604607,5.225248023,3.866007342,2.186182122,5.897196871,1.31221918,3.606006738,2.463202301,1.506267771,4.117514806,1.876921435,3.746205645,2.801331486,1.563310305,4.006537888
P4_53,10.96929862,4.472961729,6.014604596,2.868317382,5.906604885,5.661736303,2.525323202,5.884511572,3.733273306,5.247728968,4.926040001,2.20805608,4.796252213,2.941897335,5.26209493,5.05730816,2.250247295,5.244280326,1.939150164,3.534102526,3.276869404,1.563687718,3.209704314,2.890087299,5.488695163,5.36739447,2.347212576,5.531580894,1.747694687,3.310012595,3.070660087,1.448790042,3.132932846,2.467334429,3.511506621,3.417686197,1.507292621,3.307278653
P4_54,11.49851329,4.034422611,4.247255085,2.84532304,4.562799956,2.50980025,2.777958018,6.353802735,2.473435533,3.222134048,1.864093331,1.88030685,4.207646405,2.556523633,3.886325553,2.175490664,2.333005357,5.299208913,1.998007108,2.953376101,1.529372353,1.8455633,4.060071915,2.650983458,4.201538293,2.286902574,2.584475118,5.866538852,1.9636542,2.899859456,1.600082156,1.765967796,3.941271939,1.355859031,1.931376285,1.203646886,1.126056611,2.528513491
P4_55,12.43540532,4.187102349,4.960828635,2.918417356,4.482391941,3.816268059,2.619258757,5.841963913,3.406224078,4.24860449,3.545404766,2.359313256,5.126021448,2.988247127,4.177244685,3.543407874,2.393425274,5.289024047,1.844875476,2.267165259,1.768174929,1.404998179,2.708533015,2.925801624,4.366918844,3.717031657,2.525051324,5.632630582,1.898366533,2.510533931,2.114577431,1.502217946,3.087309154,2.347409899,2.977893616,2.47315144,1.633314208,3.514298917
P4_56,11.8680934,4.507183919,4.762052776,1.526877479,5.267567824,3.654721361,2.524699036,5.689581124,4.110613436,5.532900029,3.602600996,2.401539578,5.08739697,2.581883694,5.11806399,3.534969209,2.362695818,5.16824834,1.651363755,2.843490577,1.896206565,1.383244457,2.911624079,1.645755169,5.18413699,3.579088789,2.464391561,5.537293454,1.600641622,3.17956078,2.091990592,1.529735092,3.302709886,2.883349687,3.91284172,2.581125841,1.669912527,3.605545505
P4_57,12.3185536,3.200586489,5.715954003,1.925975884,4.567498778,3.320861308,2.222054553,5.223185815,3.359229877,4.678171082,3.219223801,2.163640834,4.784213712,2.369274907,4.271057421,3.052846737,2.064683853,4.674918787,1.666059402,2.760023055,1.955891,1.317335992,2.991171447,2.014351113,4.482893833,3.250674754,2.168870566,5.076716392,1.759000456,3.143859673,2.123767286,1.584539872,3.486684407,2.283971337,3.128092121,2.260474503,1.45945751,3.153352269
P4_58,13.41877007,4.029487164,6.915543398,2.718632354,5.062651028,4.664856726,2.536542858,5.513757164,4.296224339,5.312436628,4.613778397,2.499552859,5.163254674,3.353526879,5.019556097,4.525069379,2.439595576,5.210719872,2.410086569,3.460439315,3.147990017,1.710785978,3.556606253,2.898152057,5.001121431,4.56195448,2.479419194,5.352993677,1.954686656,2.904698134,2.546439974,1.462987075,2.975719649,3.183210566,3.971747789,3.451222842,1.867716418,3.869383834
P4_59,13.53774779,4.500413346,4.869449129,2.270919377,4.817585119,3.999455179,2.617569679,5.167133561,2.607353234,3.277150016,2.348009926,1.930228047,3.68174912,2.245528574,3.825438756,2.989164574,2.206478161,4.306984123,1.630529013,2.786044038,2.04854309,1.716803959,3.23759866,2.214363242,4.129452751,3.318192444,2.345630137,4.601153619,1.349604809,2.313810961,1.75912703,1.411499323,2.585566248,1.72714923,2.102453347,1.56610989,1.249705526,2.404623493
P4_60,10.90411266,3.487985432,4.948833197,2.066134692,5.291120577,3.294639308,2.400803432,6.233833414,2.734763521,5.238181524,3.220905818,2.313779681,5.934567273,2.282698905,5.017690329,3.155150484,2.236192941,5.769893933,1.434110456,2.952347961,1.767146012,1.311832713,3.260008906,2.155026022,5.196015159,3.224094521,2.342760042,6.068499436,1.496235744,3.570739325,2.086718166,1.540886579,3.992347615,2.049571904,3.875469676,2.482936814,1.70132014,4.346334596
P4_61,13.73037089,2.892913145,5.382021731,2.404664445,4.271462992,2.357312205,2.731057764,6.165284198,3.071329084,3.715900206,2.006884815,2.219830047,4.859712334,2.602133543,3.990431566,2.198543805,2.490740519,5.579684751,1.790397491,2.743958628,1.424510602,1.80984003,3.865184103,2.488114397,4.062824691,2.246337935,2.561463751,5.762182092,1.450682465,2.267321272,1.239893279,1.436822324,3.170298222,1.74180146,2.045510934,1.205334347,1.213986976,2.676497636
P4_62,11.05334753,3.007796901,3.371670995,1.79252787,4.473412839,2.207651432,2.520798656,6.461966639,2.622122321,4.012657552,2.039863093,2.187557863,5.463071984,1.995417403,4.112480478,2.064862867,2.307080145,5.861597641,1.299592005,2.357218196,1.018705908,1.268731011,3.241261244,1.799395678,4.198058612,2.03414189,2.383902503,6.054320171,1.48980747,3.112569164,1.501475929,1.787357323,4.443777698,1.471393732,2.463517621,1.303899848,1.352983516,3.468429833
P4_63,15.16940112,2.829437759,5.174805833,2.202332388,4.73779412,2.91966572,2.63788698,4.78103616,3.06238477,3.986720693,2.476013542,2.131245638,3.867186372,2.503957629,4.144725252,2.562853038,2.301237012,4.203105649,1.8768473,3.446565932,2.113759856,1.890438088,3.37537982,2.242730544,4.231227268,2.647803382,2.375092456,4.350087384,1.701132252,2.928120725,1.859997964,1.577981236,2.769054991,1.817461579,2.268771719,1.508204795,1.220814612,2.223588839
P4_64,11.32823221,4.231854274,5.105621491,2.116516589,5.149014667,3.83103971,2.323731605,6.414549826,3.017648179,4.699441097,3.244878175,2.098473637,5.283439753,2.443349533,4.757112246,3.505835762,2.124564965,5.706408405,1.207786652,2.586600376,1.857952838,1.159469767,2.996767797,2.246253302,5.026050279,3.722545626,2.262559742,6.195234239,1.340258617,2.862422896,2.065354307,1.281813058,3.386378914,2.049103038,3.192522405,2.286811309,1.456712665,3.648546642
P4_65,10.71295584,4.895776022,4.868737929,1.946286128,5.148667696,4.957139301,2.511736419,5.394054512,2.775683379,4.350444132,4.04022295,2.109655285,4.382260195,2.173220836,4.654725969,4.491146172,2.272162461,4.905212026,1.521040918,3.417798788,3.113854306,1.741532896,3.568425512,1.945066884,4.720616427,4.607205643,2.330429841,5.041865271,1.549946509,3.440206242,3.211883516,1.705559207,3.584157472,1.887192164,2.857320565,2.715922705,1.429011941,2.97139845
P4_66,11.33752738,4.448414673,4.676531131,1.740524766,4.629021111,3.671661259,2.476748203,4.432173415,2.171535473,3.486138273,2.348715885,1.981050435,3.534183948,1.818168969,3.857414038,2.910449855,2.173500813,3.744471973,1.284418872,2.540916656,1.909954849,1.433116822,2.563505012,1.707493513,4.217144457,3.214574884,2.333982708,4.121161818,1.533649458,2.957504229,2.175838418,1.786817725,2.965687032,1.534811791,2.467378896,1.720855002,1.359505741,2.475325737
P4_67,10.62091202,4.339158241,5.970285752,3.371426674,6.600588452,7.056167679,2.473453012,5.559553972,4.350081001,6.367809839,6.644990427,2.338985846,4.956772174,3.204261448,5.613589703,5.945572817,2.077989776,4.586056527,2.711386521,4.795357984,5.083094325,1.795027008,3.952579032,3.34689524,6.259804373,6.768035905,2.338988581,5.247729235,1.788720581,3.306771396,3.246095758,1.248055857,2.595179469,3.135030449,4.687951837,4.875745943,1.699017785,3.573862155
P4_68,12.29223939,4.586922579,7.546634028,1.923049703,3.39359799,2.197092599,1.598884541,3.217143083,2.611450665,3.46974123,2.141095359,1.514740389,2.959314807,1.888221272,2.719100646,1.752516401,1.361412437,2.513926148,1.671635457,2.810536557,1.828926633,1.295149422,2.615928995,1.937038256,3.285450678,2.11643262,1.525222236,3.085791401,1.572758261,2.196531237,1.425263788,1.140832796,2.021591341,1.81802991,2.309835889,1.378025469,1.08346883,1.941021138
P4_69,11.1237079,3.861531009,6.352470212,2.218419627,5.235577458,4.062097476,2.159231592,5.468684653,2.86950155,5.043589175,3.878905687,2.04337533,5.100247864,2.400038076,4.935559641,3.833175497,2.036874669,5.161091732,1.845726265,3.704181494,2.886320677,1.490075891,3.70251845,2.206462797,4.866192384,3.777549816,2.041814269,5.165048016,1.68626016,3.81580951,2.818666616,1.568373063,4.000299508,2.123373371,3.691905637,2.978950474,1.503994774,3.77182682
P4_70,8.425595634,3.952486227,7.593703416,4.122857232,5.609878327,5.720980131,2.612115826,4.143683072,4.443026045,5.143593868,5.134675804,2.363531647,3.747907648,3.537325125,4.551774953,4.516742763,2.108079052,3.416517513,3.296644294,4.318284333,4.350100487,1.984900721,3.123126169,3.980640232,5.171404014,5.355895699,2.421491985,3.899869492,2.427877263,3.137443952,3.055354618,1.458123358,2.207123007,3.288657383,3.793718768,3.812984619,1.773858582,2.769005156
P4_71,14.41471687,2.921641906,6.425568334,2.637414328,4.914097064,3.581860593,2.658541333,6.208067032,4.081059234,4.945438093,3.524624365,2.525622968,5.743451143,3.297860528,4.817056016,3.478952593,2.540210626,5.880914017,2.143997976,3.058720745,2.169399942,1.630814315,3.696631199,2.910632822,4.773396485,3.470152844,2.555654594,5.961352427,1.88201825,2.871077569,2.020600045,1.507312153,3.476268461,2.833600549,3.412125424,2.538008448,1.740636994,4.030187034
P4_72,14.04614401,3.5344036,4.910231403,2.361238631,5.016098686,3.287389915,2.623936073,5.510595377,3.101175188,3.991337314,2.52128542,2.056275152,4.139217118,2.506259499,4.335243037,2.856746733,2.276540976,4.831757351,1.53205079,2.921446672,1.708683609,1.620172799,3.014164105,2.39283916,4.472801433,2.979188499,2.357891617,5.044959329,1.451428452,2.689659517,1.693968983,1.419823051,2.768445823,1.804211914,2.218218074,1.446110988,1.194629603,2.434106232
P4_73,14.89079844,3.437810199,6.94345523,3.013408002,4.214487279,3.160216123,2.671136707,5.995212049,4.068250397,4.321735974,3.110573868,2.526209045,5.555903748,3.4887204,4.135997112,3.031132749,2.53022631,5.599435546,2.30786152,2.883767621,2.081641753,1.747276712,3.825505932,3.239066861,4.120121616,3.04496895,2.548194053,5.675088035,1.68311198,2.006218241,1.502314042,1.25367952,2.67791371,2.826493921,3.031311214,2.172084736,1.751935971,3.844171098
P4_74,11.15629223,4.227508385,6.856224221,2.113339862,4.893258793,3.133637073,2.277399311,5.527387292,2.837358681,4.973156126,3.14927394,2.237375282,5.289116064,2.315461782,4.495755762,2.935872984,2.066931654,4.921415987,1.588726019,2.991937518,1.89702914,1.37481077,3.199214236,2.216116979,4.768962068,3.039041722,2.206270284,5.338725129,1.46707129,2.803504122,1.68510309,1.32876052,3.040433345,2.154457965,3.710753835,2.521119845,1.653931551,3.924397567
P4_75,10.69294038,4.256465508,3.579269849,2.447245724,4.842546106,3.281789142,2.57341116,6.925629652,2.870511491,4.458950427,2.929134501,2.277037183,5.938641705,2.50243687,4.367236287,2.968006461,2.292188485,6.107188895,0.969684578,1.460595952,0.728082227,0.865756282,2.006163651,2.479222691,4.738425543,3.214063247,2.498507317,6.713569751,1.385259736,2.332111466,1.441210828,1.302743883,3.273821203,1.898222584,3.066159888,2.037986106,1.565721004,4.095908741
P4_76,11.58597326,3.936488753,2.498845435,1.360428867,4.728089859,3.937495795,1.915431115,5.847911375,2.012682419,3.523517416,2.723643379,1.496759948,4.195785707,1.488508652,4.217469137,3.495669065,1.713974478,5.234689569,0.824383123,2.876170555,2.353465235,1.123819726,3.413951133,1.412573465,4.436782822,3.718452562,1.80038116,5.54590285,0.96435493,3.35914043,2.765308724,1.337987943,4.159450945,1.103681008,1.791880415,1.370573311,0.833616299,2.294279885
P4_77,13.44386224,4.023036679,6.557141458,2.885401465,4.229671866,3.716090759,2.752178664,6.045836433,3.898478377,4.238004044,3.488901396,2.542372488,5.478764556,3.359359094,4.175915928,3.566261494,2.601917447,5.655982752,2.144011699,2.800083133,2.335196353,1.792882249,3.772156227,3.113271176,4.152390151,3.596768525,2.6386694,5.750437172,1.69883934,2.158295885,1.946103146,1.401256902,2.892130544,2.728276352,2.992611393,2.37925965,1.776546033,3.827837514
P4_78,13.16517065,3.76216122,5.880089094,2.483369939,4.855334508,3.939823513,2.254162868,5.152643303,4.514590783,5.270286146,4.008380469,2.2513189,4.8390116,3.59222857,4.54314452,3.533194814,2.010452451,4.397752492,2.460374505,3.282317383,2.587267097,1.430270759,3.146038663,2.713080479,4.778458836,3.842297374,2.189454712,4.96250348,1.944727858,2.560066745,1.856643101,1.149811479,2.547977868,2.966248794,3.565303952,2.669952689,1.490283745,3.293954078
P4_79,12.15963226,2.686100515,4.781428464,2.206336225,4.956474006,2.890887672,2.501306992,6.447197097,3.145153046,4.387013847,2.801411943,2.060374831,5.239460708,2.487840674,4.769863544,2.821886243,2.350891844,6.043159934,1.882926715,3.453027616,1.88941831,1.730465757,4.324787395,2.314522107,4.82825832,2.810990339,2.40703019,6.199251329,1.675506985,3.521084838,1.98622464,1.66565677,4.472340704,1.839471539,2.830834533,2.023482312,1.293687838,3.343344655
P4_80,8.045294014,3.424015061,5.44560506,1.566821488,6.2412977,3.510802028,1.882366072,6.121964887,2.195875194,6.066022003,3.379856574,1.796870253,5.718811805,1.57668329,5.68806111,3.253824921,1.734612054,5.729989917,1.320190147,4.2945455,2.396387561,1.276288118,4.022884657,1.582739826,6.077933389,3.379046524,1.839283436,5.958827466,1.226300839,4.993163428,2.70844339,1.480704974,5.069538652,1.676267919,4.512791865,2.561768119,1.342460219,4.211615466
P4_81,9.920893279,5.783753764,8.008721153,2.700518445,4.141015878,4.089482817,2.25478967,4.347664596,3.276499127,4.156160834,3.92292603,2.131262864,4.007139031,2.802932773,3.934483004,3.897424475,2.131878942,3.972482092,2.390067376,3.445342704,3.35432787,1.836222255,3.482989921,2.691770512,3.950239699,3.913331438,2.172845368,4.12753017,2.246776957,3.132174512,3.171123325,1.736359949,3.104237654,2.478398933,3.161988986,3.013614238,1.634049343,3.032591462
P4_82,11.26079188,3.628495975,4.776122189,2.68335791,4.674039136,3.006195059,2.517193104,6.69164746,3.573797569,3.718976347,2.392815327,1.931585137,4.694070402,2.982858395,4.380080794,2.791740827,2.319737482,6.03378156,1.67249239,2.561237852,1.422195576,1.468942527,3.537538937,2.814472354,4.519829411,2.883284636,2.402167027,6.344226454,1.639682287,2.542946863,1.562196759,1.363651785,3.524741911,1.832773383,1.989990449,1.375791811,1.084725697,2.639954616
P4_83,13.79411192,3.510715606,4.689613587,2.26700556,5.103175545,4.095454685,2.443985755,5.307562967,3.262872617,4.340485439,3.437117768,2.046983561,4.469930238,2.543270676,4.708838857,3.816364804,2.242920045,4.889546132,1.775682517,3.487209428,2.899679619,1.596975083,3.604332411,2.400893269,4.826870895,3.911373009,2.309627183,5.042273518,1.451181104,3.043326364,2.277654766,1.434436082,3.052753143,2.100088952,2.676525597,2.140580193,1.317748328,2.885874077
P4_84,13.14202975,3.798038434,7.530059212,2.667861549,4.584643479,3.935335954,2.267047896,4.207100135,3.55851769,4.474636968,3.719025153,2.109271003,3.830600084,2.911102402,4.2028414,3.572244831,2.057143291,3.777462979,2.425969898,3.495998629,2.924561975,1.668259257,3.015261738,2.670933227,4.253464218,3.659658767,2.123420497,3.905377382,1.95909519,2.897810853,2.463789401,1.422724812,2.491994417,2.701191325,3.350958212,2.825602204,1.601095182,2.908731929
P4_85,13.00847471,4.588989312,6.373940931,2.458324519,4.672783868,4.251209283,2.532612599,5.671394619,3.576504362,4.824636068,4.186800306,2.462214702,5.349372494,2.854482227,4.636158681,4.161580501,2.453556595,5.441933874,2.009264381,2.972202504,2.680660679,1.647021775,3.458404698,2.572271482,4.620127716,4.168241406,2.485364909,5.545282467,1.924144374,3.076798584,2.774789001,1.718782539,3.722265299,2.79019902,3.798629917,3.356388516,1.914657051,4.15311919
P4_86,15.59104885,3.465530003,3.734588415,1.943178343,5.868118586,4.347177285,2.469528339,4.411099214,2.592331062,3.619427715,2.3828361,1.664588649,2.835961137,1.95566245,4.211845362,2.97969266,1.884301226,3.323680953,1.359153162,3.310237652,2.111128421,1.546347066,2.534479877,1.80232388,4.506236479,3.297642566,2.005064407,3.558838384,1.313034379,2.952965628,1.889314741,1.348887708,2.22509796,1.417813983,1.928901588,1.338844068,0.929399997,1.664850748
P4_87,10.67209767,3.473808727,5.530020405,1.84341857,5.464246027,3.87228171,2.464843075,6.027185146,2.770849326,5.324537646,3.69922555,2.33174912,5.668255058,2.187778591,5.193851595,3.710285649,2.309014453,5.557559803,1.406798019,3.380096395,2.48391504,1.413729481,3.602067789,1.974756356,5.374891185,3.796341872,2.413749343,5.876254022,1.3566512,3.510320791,2.251202358,1.589067896,3.757831088,1.960280532,3.820855006,2.716632155,1.614366106,4.047596669
P4_88,12.33338812,3.971092484,3.625197196,1.699132844,5.037272639,3.123883254,2.590635037,4.533137491,2.873546344,4.46574434,2.642858552,2.115614631,3.495028926,2.082176999,4.446520914,2.690060345,2.215962071,3.771101529,1.52674146,3.322452407,2.005207815,1.725011296,2.879876452,1.683946861,4.697294524,2.923838471,2.413729661,4.23703067,1.531439238,3.463292887,1.962782132,1.740295182,2.875600673,1.87269307,3.02551677,1.739624338,1.399386075,2.217663092
P4_89,13.25609436,4.512961731,6.173338394,1.699334452,5.178575473,3.932435702,2.115703438,4.766847154,2.955313704,5.157072402,3.791741675,1.982532454,4.221095044,2.431374842,4.790708085,3.558076301,1.924251081,4.054610587,1.66486227,4.059199045,3.047063733,1.625967254,3.635271234,1.774956507,4.975648951,3.759543858,2.040686747,4.546715591,1.793859269,3.542482313,2.478188214,1.466455057,2.933421854,2.381479381,4.138264324,3.054641792,1.571937484,3.232058082
P4_90,11.53781917,4.250940828,4.8725008,2.326434303,5.265490146,4.543052166,2.73586359,5.481424425,3.024285252,4.368082017,3.712298979,2.144675212,4.203919458,2.370842135,4.377619464,3.785329792,2.266971891,4.464157879,1.77547781,3.563338757,2.900617822,1.890102459,3.579803544,2.259282894,4.64403291,4.073410515,2.448974903,4.883625685,1.568277148,3.127251633,2.637237307,1.623112106,3.070799703,1.823403823,2.596895062,2.235354311,1.298671565,2.552852139
P4_91,9.739272994,3.201683977,4.627337367,1.743993867,3.907689329,1.890761271,2.67250111,5.039907519,1.873744474,3.05152507,1.574057708,2.067289349,3.624394007,1.739175595,3.399864025,1.661299778,2.336246039,4.248410764,1.271559361,2.569286462,1.196228834,1.561869922,3.211366458,1.753716776,3.780593658,1.823222284,2.572680436,4.831497136,1.517259919,2.865164091,1.416240326,2.055255748,3.606788553,0.955631087,1.778705785,0.951298014,1.15981647,2.090581133
P4_92,11.0241147,3.563146957,3.606754853,1.814100043,4.853484905,3.540889085,2.379238925,5.907762572,2.92209859,4.282527228,2.689851656,1.986477881,4.479490344,1.906916349,4.208025754,2.950004453,2.029057378,4.941007101,1.279896422,2.767988187,1.813003346,1.293050129,3.07883718,1.850205202,4.600146481,3.336994156,2.246621216,5.536823755,1.33144846,3.272832834,2.242259687,1.556290065,3.722472849,1.664828268,2.645213945,1.555146651,1.220317093,2.653449646
P4_93,12.51533585,4.606876218,6.127781418,2.756104046,4.782202662,4.499657929,2.416515361,6.121898841,3.531818202,4.570517199,4.053005891,2.265635438,5.26897077,2.976872368,4.599889912,4.261723003,2.299838688,5.726797029,1.901692232,2.681423621,2.411344121,1.458683673,3.27782243,2.826931829,4.648041134,4.352379522,2.339895415,5.8909484,1.768350902,2.791264333,2.583180952,1.489891139,3.611736588,2.487521192,3.254165967,2.914614242,1.654990239,3.762508371
P4_94,15.55036258,3.870425181,3.314539694,2.340537272,5.450058125,3.674696423,2.417912276,5.579955241,2.341453531,3.314634637,1.886650011,1.68053392,3.753690277,2.222590959,4.327515809,2.710778637,2.014909753,4.736379252,1.479968586,2.959619516,1.693603742,1.433354787,3.235563767,1.806229588,4.1089158,2.635516487,1.951100972,4.460665677,1.862289921,3.584529887,2.05297161,1.7137872,4.07169466,1.241741646,1.909331354,1.107325032,1.030294694,2.363435844
P4_95,12.15016723,2.67195405,5.351077593,1.666329866,3.990541483,2.850542113,2.094152763,5.162968118,2.722959576,3.945493866,2.694777329,1.959835991,4.650419356,1.960931014,3.627398385,2.538547296,1.904539417,4.548160994,1.175153645,2.147369658,1.367345637,1.149790088,2.699918805,1.76581626,3.896591422,2.775626062,2.015435982,4.980295317,1.25909229,2.333725493,1.512982371,1.270454049,2.914249625,1.641776093,2.319955223,1.605027904,1.180234866,2.772253548
P4_96,12.5716623,4.478014159,6.483427549,2.78249074,4.713044406,4.290163362,2.628262202,5.449596697,3.666206981,4.716897767,4.082977351,2.511230954,5.064443617,3.121453325,4.641406938,4.17499888,2.538638472,5.231706834,2.285148653,3.41398367,2.984289594,1.897549447,3.741948456,2.943339677,4.630206427,4.206769775,2.560223141,5.283770347,2.232549295,3.411431001,3.096741808,1.865688379,3.688980742,2.718609284,3.470451536,2.967113735,1.873906954,3.751046474
P4_97,14.77163121,3.267222649,4.063578417,2.080658042,4.265104716,3.314086083,2.343502912,6.779731641,2.589172054,3.899627724,2.969189013,2.132497593,6.006709603,2.270168039,4.124289185,3.188271072,2.24183187,6.453178678,1.579406743,2.778932056,2.124348923,1.525881137,4.343408391,2.051366539,3.9727764,3.075862726,2.215420431,6.375416558,1.632198356,3.199946058,2.422007722,1.770378531,5.298333836,1.785400993,2.725163943,2.12750653,1.492193474,4.132059152
P4_98,14.67027663,3.210436951,3.521362213,1.842619121,6.170243899,4.148392051,2.520953296,3.808221131,2.56701429,3.909780866,2.621546099,1.65003451,2.52131821,1.817893813,4.639615213,3.1161936,1.92414442,2.926591019,1.40982613,4.062350549,2.44435326,1.709090574,2.422757853,1.639712471,4.595345047,3.240868317,1.939325646,3.07019795,1.464102326,3.837100675,2.379604703,1.604001091,2.335317205,1.375711652,2.047044905,1.419909064,0.899925758,1.420538057
P4_99,10.34376843,4.655447002,5.955038899,2.333293571,5.085533917,4.361278656,2.320271415,6.083849159,3.089459588,4.534853205,3.684584741,2.01662165,4.828019322,2.602456965,4.869160325,4.111765689,2.190842342,5.617511891,1.53468963,2.972589171,2.578631219,1.41236423,3.316345147,2.445110891,4.941870198,4.211302303,2.241021784,5.827075821,1.442034164,3.099849971,2.662255096,1.376470005,3.450643705,2.183999515,3.186124068,2.681123728,1.464678145,3.427974504
P4_100,12.84652355,3.115420195,6.34687608,2.967121991,5.165995457,4.500974116,2.567199972,6.593362205,4.278742479,5.368695371,4.433608769,2.560359722,6.246274679,3.490230794,5.158950433,4.371349618,2.49087831,6.303970672,2.34511979,3.429381701,2.916109841,1.641748894,4.093990601,3.201002237,5.098877546,4.38672809,2.487887848,6.343704872,1.777104811,2.968060641,2.361589204,1.347748503,3.562990975,2.947871207,3.759581295,3.017825672,1.785074052,4.339546136
