,SERa1,SERa2,SERa3,SERg1,SERg2,SERg3,SERn1,SERn2,SERn3
X1001000180.G9,-0.009208953,-0.022631781,0.0057343272,-7.159322e-08,-1.127759e-08,-9.692945e-09,0.0,0.0,0.0
X1001000180.G12,0.019055102,-0.020205133,0.03189334,-0.0060496973,-0.0006735121,0.009147558,-9.806417e-05,-2.4476758e-05,1.5111372e-06
X1001000180.E4,0.006228022,-0.021433674,0.008063107,-1.3944831e-06,-2.1770576e-07,-1.6009174e-07,0.0,0.0,0.0
X1001000180.H9,0.0019209993,-0.02272159,0.004131066,-1.8190011e-08,-2.8551135e-09,-2.558325e-09,0.0,0.0,0.0
X1001000180.H11,-0.0013399743,-0.022651201,0.00593778,-1.4998642e-07,-2.3467113e-08,-2.0253028e-08,0.0,0.0,0.0
X1001000180.B1,0.0011374654,-0.022215214,0.008525861,-4.3339387e-05,-6.337882e-06,7.0315737e-06,3.2599337e-09,5.037654e-10,1.2718672e-08
X1001000180.G4,0.027704412,-0.01783271,0.017666103,0.01754492,0.003718668,0.039927594,0.004199274,0.00068472803,0.0019635535
X1001000180.F10,0.006286478,-0.02173684,0.008663948,-9.961142e-08,-1.565897e-08,-1.4660769e-08,0.0,0.0,0.0
X1001000180.H6,0.0002848769,-0.022120336,0.008648078,-9.611314e-08,-1.4995328e-08,-1.2245674e-08,0.0,0.0,0.0
X1001000181.D8,0.0029854435,-0.021660332,0.009481123,-0.00071220566,-9.631407e-05,0.00042562303,-5.146904e-07,-9.3077205e-08,1.11690646e-07
X1001000181.E1,0.001904194,-0.022706766,0.0084911175,-2.1275957e-06,-3.3350472e-07,-2.8414397e-07,0.0,0.0,0.0
X1001000181.F12,0.017098468,-0.022624925,0.017124245,-0.0003107159,-4.7693004e-05,-1.2056429e-05,-2.0067205e-06,-3.3853746e-07,-8.06013e-07
X1001000181.E3,0.0046931463,-0.02101615,0.028358234,-0.003783027,-0.00037027392,0.007856806,-0.0012632062,-0.00021870322,-0.0005178886
X1001000181.D2,0.0047494257,-0.021744337,0.0074411025,-4.3157904e-08,-6.66995e-09,-4.430244e-09,0.0,0.0,0.0
X1001000181.C4,0.0155645,-0.022552382,0.016249519,-0.00034225182,-5.326571e-05,-3.349953e-05,-2.9785779e-06,-5.024381e-07,-1.2032043e-06
X1001000181.F6,0.012025517,-0.022332061,0.0053373333,-1.5822028e-08,-2.4946771e-09,-1.7945485e-09,0.0,0.0,0.0
X1001000181.D1,-0.003111022,-0.023040596,0.0029985115,-1.4034139e-10,-2.157291e-11,-7.347042e-12,0.0,0.0,0.0
X1001000186.B4,-0.0040063146,-0.021951074,0.012188775,-0.0001323961,-1.7770582e-05,6.6505425e-05,3.6854823e-07,6.068857e-08,2.4607684e-07
X1001000186.E9,0.010801657,-0.020186312,0.015128306,-0.00012376446,-1.932272e-05,-1.3915051e-05,-6.749432e-07,-1.1367829e-07,-2.7819155e-07
X1001000186.H6,-0.0037726462,-0.022736518,0.005141775,-6.4724446e-08,-9.949515e-09,-3.9623096e-09,0.0,0.0,0.0
X1001000187.G3,0.0022795754,-0.023079515,0.0050056744,-2.5924178e-08,-4.0706265e-09,-3.6884147e-09,0.0,0.0,0.0
X1001000187.D2,-0.006426123,-0.022519918,0.006929945,-4.0842338e-07,-6.398289e-08,-5.6521916e-08,0.0,0.0,0.0
X1001000187.H1,0.006014131,-0.02301587,0.007166153,-2.5855357e-07,-4.0558426e-08,-3.5426858e-08,0.0,0.0,0.0
X1001000187.E3,-0.01637188,-0.026863616,-0.005605611,-1.15209655e-08,-1.8118945e-09,-1.7172258e-09,0.0,0.0,0.0
X1001000187.F4,0.0044458383,-0.022532707,0.011199119,-0.00013818893,-2.1488804e-05,-1.3253524e-05,-1.1881242e-06,-2.0004754e-07,-4.9387216e-07
X1001000187.F9,0.0005151821,-0.022541706,0.0071895635,-6.35891e-07,-9.992622e-08,-9.2328264e-08,0.0,0.0,0.0
X1001000018.D10,-0.00502461,-0.022553079,0.01133952,-0.00089784974,-0.0001354689,3.6121848e-05,-7.962988e-06,-1.3473153e-06,-3.0913018e-06
X1001000018.F11,-0.02090078,-0.009073833,-0.002005895,0.00953278,0.0025977693,0.042303134,0.004926352,0.0008038704,0.0023035337
X1001000028.D10,-0.001988891,-0.0038834854,0.0001615947,0.008079839,0.0013186038,0.044024933,0.0070877485,0.0009890794,0.0032222534
X1001000232.E4,0.008617686,-0.02191067,0.010835128,-2.344447e-06,-3.67881e-07,-3.279651e-07,0.0,0.0,0.0
X1001000253.G6,-0.00951362,-0.0234339,0.0036598062,-6.071758e-05,-9.367575e-06,-3.7769234e-06,-1.19710375e-08,-2.0624549e-09,-2.4487978e-09
X1001000253.H2,0.0072958833,-0.021479152,0.010222546,-8.6422745e-07,-1.3582743e-07,-1.2758692e-07,0.0,0.0,0.0
X1001000253.B11,0.0026905749,-0.021887999,0.008764124,-1.7182789e-07,-2.6465173e-08,-1.1724414e-08,0.0,0.0,0.0
X1001000253.E5,-0.016361369,-0.022878807,0.011850072,-0.0005509752,-7.7966266e-05,0.00022649528,-1.8902705e-05,-3.1914938e-06,-7.776328e-06
X1001000253.E12,0.0011110636,-0.021951223,0.009507471,-5.7085936e-07,-8.980572e-08,-8.435075e-08,0.0,0.0,0.0
X1001000253.G12,0.0046129767,-0.021815138,0.011120283,-5.3809512e-05,-8.063644e-06,3.3935667e-06,-2.2308189e-09,-4.5011508e-10,1.1648273e-08
X1001000253.E9,0.0031160165,-0.022179816,0.0071754176,-4.064097e-07,-6.39273e-08,-6.015322e-08,0.0,0.0,0.0
X1001000253.H5,0.020121522,-0.02215075,0.017350566,-0.00014078019,-2.199774e-05,-1.6523389e-05,-8.532803e-07,-1.4369226e-07,-3.5068865e-07
X1001000253.H1,0.003228403,-0.022189556,0.0054477397,-4.7056903e-05,-7.338351e-06,-5.0592867e-06,-2.2499579e-07,-3.7728178e-08,-9.374604e-08
X1001000253.E4,0.008775718,-0.02060854,0.02850026,-0.0036013424,-0.0004993562,0.0016733193,-0.0006211899,-0.00010586022,-0.00025971464
X1001000253.D8,0.010178361,-0.022407714,0.010434335,-3.4030077e-07,-5.3210798e-08,-4.564462e-08,0.0,0.0,0.0
X1001000253.C10,0.0012024272,-0.022088397,0.012207913,-0.000434807,-6.626024e-05,-1.0466931e-06,-4.137467e-06,-6.987496e-07,-1.6339549e-06
X1001000253.C4,0.005644551,-0.018141307,0.031492602,0.013600468,0.0029801868,0.03366501,0.003464843,0.0005642795,0.0016239043
X1001000253.G1,0.021147152,-0.022284089,0.014344638,-5.7422898e-05,-8.997823e-06,-7.5064895e-06,-9.266038e-08,-1.558602e-08,-3.7208526e-08
X1001000253.A8,-0.0006683501,-0.021986095,0.011514441,-0.0010520469,-0.00016342894,-9.3776136e-05,-1.7400906e-05,-2.9327568e-06,-7.2547437e-06
X1001000253.H4,-0.0012614082,-0.021373382,0.014134816,-0.00013409484,-2.0631385e-05,-6.566519e-06,-4.4564235e-06,-7.507313e-07,-1.8626791e-06
X1001000253.D5,0.009553851,-0.022259638,0.011086808,-3.16042e-07,-4.9369557e-08,-3.8341685e-08,0.0,0.0,0.0
X1001000253.C6,-0.0006536502,-0.02414209,0.0064269435,-6.596376e-06,-1.0366846e-06,-9.645634e-07,0.0,0.0,0.0
X1001000253.G7,-0.007722913,-0.023347978,0.0026321164,-2.6711896e-06,-4.1854727e-07,-3.468218e-07,0.0,0.0,0.0
X1001000254.G7,0.001960743,-0.021884846,0.008495594,-1.6421235e-07,-2.5570838e-08,-1.9981597e-08,0.0,0.0,0.0
X1001000254.C11,0.0133680925,-0.020400379,0.022148557,-0.0010262973,-0.00015888903,-7.473362e-05,-2.2299184e-05,-3.7629075e-06,-9.224407e-06
X1001000254.G10,-0.023054115,-0.025364786,-0.0010513591,-1.7846555e-06,-2.7917358e-07,-2.2273102e-07,0.0,0.0,0.0
X1001000254.D10,-0.0010403057,-0.023252055,0.004260569,-3.088925e-07,-4.8454968e-08,-4.2430674e-08,0.0,0.0,0.0
X1001000254.E1,-0.0045063635,-0.023476575,0.0023252212,-2.0718824e-06,-3.231217e-07,-2.183166e-07,0.0,0.0,0.0
X1001000254.A10,0.013271487,-0.02193646,0.015003641,-4.231801e-05,-6.618686e-06,-5.1830993e-06,-1.9607594e-07,-3.3050803e-08,-8.157539e-08
X1001000254.F4,0.017103752,-0.021945553,0.017902654,-0.00026031391,-4.0585386e-05,-2.801784e-05,-2.3009802e-06,-3.8766953e-07,-9.571548e-07
X1001000254.F12,0.014881505,-0.022009578,0.014842783,-0.000104870574,-1.637815e-05,-1.21983085e-05,-6.283048e-07,-1.05833664e-07,-2.616995e-07
X1001000254.F3,0.0033815708,-0.022607684,0.0071926587,-1.5951168e-06,-2.5054007e-07,-2.2929707e-07,0.0,0.0,0.0
X1001000254.A5,0.005015252,-0.022665003,0.0063818297,-1.9051721e-07,-2.9872226e-08,-2.713486e-08,0.0,0.0,0.0
X1001000254.G8,-0.0029139237,-0.022660991,0.004962894,-1.3847351e-07,-2.1555303e-08,-1.5154132e-08,0.0,0.0,0.0
X1001000254.B5,-0.0007496349,-0.022374202,0.0078038354,-1.4335924e-05,-2.146266e-06,8.1900413e-07,-1.6479179e-08,-2.8255007e-09,-4.6273114e-09
X1001000254.B8,0.018035017,-0.019904165,0.035452586,-0.008845107,-0.00083990704,0.018410154,-0.00021485513,-5.3507774e-05,-1.06037905e-05
X1001000254.D12,0.010321413,-0.022435423,0.00977125,-2.2032868e-06,-3.4471273e-07,-2.803217e-07,0.0,0.0,0.0
X1001000255.H1,-0.011336269,-0.02051203,0.027213372,0.013738052,0.0029794,0.030383198,0.0021361504,0.00034779854,0.0010061975
X1001000255.G10,-0.0026147591,-0.020337261,0.019123087,-0.00034730148,-5.3658317e-05,-2.3156395e-05,-1.0853987e-05,-1.8289599e-06,-4.5617603e-06
X1001000255.B6,0.010142956,-0.022323845,0.0043470734,-5.4523994e-08,-8.583354e-09,-6.883039e-09,0.0,0.0,0.0
X1001000255.A1,-0.00742737,-0.02225888,0.010408223,-0.000110286244,-1.7080123e-05,-8.758181e-06,-2.4468316e-06,-4.1215947e-07,-1.0311741e-06
X1001000255.D8,0.0034613064,-0.023331417,0.0085317,-4.491116e-05,-7.0128785e-06,-4.8876936e-06,-2.6569214e-07,-4.471183e-08,-1.1134706e-07
X1001000255.F7,-0.0034596673,-0.023177126,0.0060447566,-5.002506e-05,-6.381331e-06,3.3885954e-05,1.07357394e-07,1.7768848e-08,7.6271895e-08
X1001000255.B8,0.012320284,-0.020916345,0.0105214305,-0.00031893648,-4.854453e-05,1.0740463e-06,-1.798922e-06,-3.0318589e-07,-7.2676994e-07
X1001000255.B5,0.0038009277,-0.020479865,0.013676248,-0.00023557658,-3.663252e-05,-2.1534257e-05,-2.1788474e-06,-3.6681737e-07,-9.0924567e-07
X1001000255.H8,0.0031790016,-0.023140306,0.0073937397,-5.6384055e-05,-8.842463e-06,-7.6011324e-06,-2.3302408e-07,-3.9072926e-08,-9.717987e-08
X1001000255.E5,0.013484474,-0.021682872,0.011490089,-1.6580497e-06,-2.6060732e-07,-2.4388797e-07,0.0,0.0,0.0
X1001000255.G5,0.006035513,-0.022341922,0.004465879,-2.4765978e-07,-3.8789004e-08,-3.1923744e-08,0.0,0.0,0.0
X1001000255.C10,-0.007813559,-0.021283682,0.02414482,0.009797459,0.0021696405,0.0236276,0.001448794,0.00023374447,0.0006942112
X1001000255.A2,0.0021219058,-0.022417216,0.007514254,-3.4957488e-08,-5.332272e-09,-1.9518946e-09,0.0,0.0,0.0
X1001000255.E9,-0.009816837,-0.022536552,0.007765348,-0.00014923657,-2.2975211e-05,-7.3592605e-06,-2.783269e-07,-4.696983e-08,-1.0371712e-07
X1001000255.E8,0.00042399342,-0.021952858,0.007276484,-6.8382707e-07,-1.06408606e-07,-6.848741e-08,0.0,0.0,0.0
X1001000255.A4,-0.017315168,-0.023764124,0.0058968975,-0.00055256503,-8.1965154e-05,6.258367e-05,-8.527387e-07,-1.4635408e-07,-2.2337561e-07
X1001000255.E6,0.010249228,-0.020382173,0.030171063,-0.0044480134,-0.0005942258,0.0030007001,-0.00066127395,-0.000113269074,-0.0002728849
X1001000267.F5,-0.0044463878,-0.020022482,0.035873223,0.0009231413,0.0003426537,0.0071212323,-0.0019103526,-0.00032867055,-0.00079955626
X1001000267.C7,-0.007135212,-0.0042086523,-0.005786002,0.013004913,0.0031912536,0.049588706,0.0060642413,0.0009928694,0.0028222601
X1001000267.H11,-0.0032732566,-0.015552521,0.018675415,0.01965639,0.003730837,0.04243495,0.0041378057,0.00068247266,0.0019031228
X1001000267.E8,0.015548142,-0.020781672,0.021967387,-0.0010967077,-0.00017016372,-9.1459486e-05,-1.6916436e-05,-2.8537884e-06,-6.990923e-06
X1001000267.H10,0.0044374773,-0.023112118,0.004153151,-1.6910177e-09,-2.6397656e-10,-1.9845385e-10,0.0,0.0,0.0
X1001000267.B4,0.0111188805,-0.020201048,0.03185649,-0.0034856263,-0.00039901392,0.00459199,-0.00032199462,-5.683237e-05,-0.000121068944
X1001000267.A1,0.009355252,-0.022567732,0.0055717686,-4.111856e-08,-6.4555596e-09,-5.8258305e-09,0.0,0.0,0.0
X1001000267.G10,0.0046070013,-0.022482706,0.010127075,-7.31962e-05,-1.1430081e-05,-8.5743895e-06,-6.38087e-07,-1.07430736e-07,-2.6894435e-07
X1001000175.H9,-0.0013541526,-0.0012921323,-0.0009812671,-0.0053697145,-6.299154e-05,0.027250048,0.010046448,0.0015737739,0.008170829
X1001000186.D2,-1.1301412e-05,-5.8760706e-06,-6.4878263e-06,-0.0047322465,-0.0007312399,-0.0003110381,0.0022618382,-0.015031859,0.0034917954
X1001000186.E7,-0.0005974371,-0.0005553208,-0.00035411594,-0.006661264,-0.0005810286,0.014937326,0.0104948515,-0.0030954247,0.0031208824
X1001000186.F1,-1.3494561e-05,-9.798428e-06,-7.4105196e-06,-0.0036423467,-0.0005506894,0.00012119138,0.00014156933,-0.015368065,-0.004582076
X1001000186.E11,-5.331154e-05,-5.130854e-05,-2.6244365e-05,-0.0049262038,-0.00069500663,0.0017800007,0.004392774,-0.010399597,0.0066981623
X1001000186.F5,-0.00012911155,-0.00014832578,-7.89803e-05,-0.0045998422,-0.00056759606,0.0044493955,-0.002424096,-0.011033097,-0.007105435
X1001000186.D5,-1.6249036e-05,-9.358993e-06,-1.0460893e-05,-0.0045002955,-0.00068865606,-0.00010632295,0.0019804821,-0.014297838,-0.0058320602
X1001000186.D3,-0.00016708662,-0.00016903029,-0.000113188056,-0.0062923487,-0.0007995583,0.005122237,-0.0048826886,-0.008998457,-0.0017847061
X1001000187.G10,-3.0765605e-05,-1.8517057e-05,-1.8119817e-05,-0.0061042677,-0.0009224576,0.00022769406,0.002616163,-0.012613077,-0.0023697899
X1001000187.C7,-4.1741987e-05,-2.5076042e-05,-2.5829806e-05,-0.00864588,-0.0013137471,0.00011580184,-0.00087140757,-0.010185245,0.0007962386
X1001000187.E4,-0.00011824819,-0.00010573907,-7.711556e-05,-0.0070152786,-0.00095684757,0.0036650426,-0.024345156,-0.016497295,-0.022284687
X1001000187.F6,-0.00033869757,-0.00031228235,-0.00020108119,-0.011561516,-0.0015382589,0.007915173,0.0057592094,-0.004571053,0.0033730518
X1001000187.G5,-5.0181792e-05,-4.431611e-05,-3.090086e-05,-0.0070622177,-0.0010450431,0.0010173867,0.0011202683,-0.010625878,-0.003473822
X1001000187.A2,-1.4005347e-05,-7.3595043e-06,-8.222611e-06,-0.005778498,-0.0008931764,-0.0003838439,0.0056232815,-0.011013138,0.005621238
X1001000187.C6,-0.0005733957,-0.00053803704,-0.00032848056,-0.005893799,-0.0004745812,0.014605263,0.012491741,-0.003199048,0.002815997
X1001000187.E9,-0.0003435003,-0.00039602345,-0.0002696206,-0.0012369987,0.00013665792,0.011113491,0.011809049,-0.0054384875,-0.0017130075
X1001000187.H11,-1.3700454e-05,-7.845939e-06,-8.658154e-06,-0.0049232584,-0.000758552,-0.00026293276,-0.0026690266,-0.0142257735,-9.577261e-05
X1001000187.E12,-0.00043225824,-0.0004569109,-0.00029755768,-0.012996737,-0.0016884331,0.010702788,0.014331096,-0.0003193695,0.01109109
X1001000187.F10,-0.0005681822,-0.000553159,-0.00033634406,-0.0012237363,0.00025946883,0.015299825,0.007820304,-0.0039903186,0.006091999
X1001000187.F3,-0.00041221426,-0.00037723366,-0.0002472704,-0.008598156,-0.0010022216,0.010391322,0.003508057,-0.004272962,0.0025865054
X1001000249.H2,-0.00028753962,-0.00031828185,-0.00018425431,-0.007528483,-0.00092659285,0.008033837,-0.0014214017,-0.00867743,-0.0063475533
Sample_4554_DH_3_ACGGGTCTCTCACCCA-1,-0.002022308,-0.003999034,0.000165571,0.008230883,0.0015230582,0.04368388,0.007395575,0.0010337319,0.0033597369
Sample_4554_DH_3_AGGAAATAGCGCCCAT-1,-0.0008190874,-0.00069868035,-0.0006308356,0.003593792,0.0007224133,0.05549692,-0.00043083302,-8.6336295e-05,-0.00011670318
Sample_4554_DH_3_AGGACGAGTGCCCGTA-1,-0.00014577716,-0.00011573909,-7.385946e-05,-0.0018576644,-0.018233111,0.0035656912,-0.0009973664,-0.0001703777,-0.00041721735
Sample_4554_DH_3_ATCCATTTCGTTATCT-1,-0.0009837203,-0.000775191,-0.00065187516,0.015414017,0.0029392915,0.06037528,0.0002109805,2.0204376e-05,0.0001739078
Sample_4554_DH_3_ATTCTTGTCGTAACCA-1,-0.00025610664,-0.00021627767,-0.00011165502,-0.004804122,-0.01683206,0.0077596144,-0.0009989638,-0.0001723278,-0.00040939578
Sample_4554_DH_3_CACAACAGTTAAGAAC-1,-0.0011463036,-0.00057248067,-0.0005450035,0.0061272243,0.0011630376,0.047835194,0.0007302031,0.00011685408,0.00036488805
Sample_4554_DH_3_CATCGCTGTCTGCATA-1,-0.00096996326,-0.00051953265,-0.00042315375,-0.0010413856,-0.00085874804,0.043614388,0.00029803393,4.425862e-05,0.00017253088
Sample_4554_DH_3_CGGGACTTCCATAGGT-1,-0.0008292736,-0.00068436173,-0.000625737,0.005845275,-0.00015425391,0.059684087,-0.00012790317,-3.4607285e-05,1.4781186e-05
Sample_4554_DH_3_CTCCCAAAGACATAAC-1,-0.0010250253,-0.0007458909,0.0005371881,0.010478073,-0.0025376566,0.042970046,0.00013518834,1.99102e-05,8.395901e-05
Sample_4554_DH_3_CTTTCGGCAAGTTTGC-1,-0.00022869286,-0.00015458197,-0.00010232002,0.009560923,-0.010893317,0.04542165,-0.00037293628,-6.535309e-05,-0.0001426486
Sample_4554_DH_3_GAAGGACGTTCGAGCC-1,-2.5021553e-05,-7.717547e-06,-8.022491e-06,0.0046560504,-0.017238403,0.011350712,-3.256069e-05,-5.4931484e-06,-1.3612403e-05
Sample_4554_DH_3_GAGGCAATCGCCGATG-1,-0.003772207,-0.0026501645,-0.0020490016,0.008999952,0.00312511,0.048551958,0.0058714445,0.0009576592,0.00274649
Sample_4554_DH_3_GAGTTTGCAGTGAGCA-1,-0.0024106049,-0.0011382336,-0.00045156264,0.004488198,0.00062517764,0.046888705,0.0018314746,0.0003020902,0.00084889
Sample_4554_DH_3_GGCGTCAAGAGTGGCT-1,-0.0021691702,-0.0045531066,0.00020278919,0.008135304,0.0016893955,0.044500347,0.006716406,0.0009733944,0.0031026893
Sample_4554_DH_3_GGGTTTACAGAAATTG-1,-0.0018677933,-0.003532801,0.00017451728,0.009247972,0.0013588623,0.043599278,0.009810649,0.0013938228,0.004365202
Sample_4554_DH_3_GTACAGTTCTTGGTGA-1,-0.0018156582,-0.0014451867,-0.00097621063,-0.00041128727,-0.00082305784,0.052025463,0.0027342164,0.0004387999,0.0013110071
Sample_4554_DH_3_GTCAGCGCATTGTGCA-1,-0.0006223269,-0.00057441555,-0.0004246666,0.005206755,-0.008657271,0.043677296,-0.0009256258,-0.00016939931,-0.0003384657
Sample_4554_DH_3_GTTGCTCAGGTAGGCT-1,-0.0009771432,-0.00079257856,-0.0006208765,0.01797618,0.0023024017,0.056727994,0.0017004097,0.0002712092,0.00082881434
Sample_4554_DH_3_TACGTCCAGGAACTAT-1,-0.0003573937,-0.00031657022,-0.0002393982,-0.0008514997,-0.010467888,0.040591963,-0.0012247217,-0.00021346078,-0.0004914489
Sample_4554_DH_3_TCTTTGACAAGCAGGT-1,-0.0022008694,-0.0016012638,-0.0016654066,0.010054875,0.0019855662,0.056429397,0.0032873135,0.00053508225,0.0015424484
Sample_4554_DH_3_TGAGTCATCTTGATTC-1,-0.00080616516,-0.0003684457,-0.00038077286,0.007977201,-0.0013394244,0.044780552,0.00010273314,1.3874219e-05,7.317984e-05
Sample_4554_DH_3_TGCGACGGTAACTTCG-1,-0.00031911282,-0.00027305537,-0.00021141485,0.0067962753,-0.0024528804,0.054366726,-0.0013982666,-0.00024149727,-0.00057304814
Sample_4554_DH_2_AACAACCCACAAGTTC-1,-0.00028384748,-0.00021645532,-0.00013243563,0.008031635,-0.0070296573,0.03410029,-0.0012514716,-0.00021473471,-0.0005198083
Sample_4554_DH_2_AACACACGTATCGTGT-1,-6.40077e-05,-2.5344461e-05,-2.574351e-05,0.0024045045,-0.018054882,0.03093312,-0.0001081239,-1.832206e-05,-4.399992e-05
Sample_4554_DH_2_AATCGACCACAAAGCG-1,-0.00032175577,-0.00029776793,-0.00023933919,0.000316818,-0.012834705,0.036272123,-0.0011896463,-0.00020769722,-0.0004754967
Sample_4554_DH_2_ACACGCGAGGTATAGT-1,-0.0020844978,-0.0041862642,0.00016595972,0.007894517,0.0015057152,0.044141363,0.007206899,0.0010520709,0.0033193303
Sample_4554_DH_2_ACACGCGCAGCGTTGC-1,-0.0013597449,-0.0011790632,-0.0010973839,0.0030585022,0.0018453934,0.05383665,0.003331902,0.0005386227,0.001579749
Sample_4554_DH_2_ACCAAACTCAAGAGTA-1,-0.00012216119,-3.341274e-05,-4.1146577e-05,0.009048669,-0.0076386947,0.037066896,-2.6841662e-05,-4.557722e-06,-1.0258295e-05
Sample_4554_DH_2_ACCGTTCAGTCTGCGC-1,-6.533618e-05,-1.8944425e-05,-2.1706983e-05,0.003916427,-0.01175192,0.024063211,-3.1243064e-05,-5.284509e-06,-1.2557268e-05
Sample_4554_DH_2_ACGCACGAGGACCCAA-1,-0.00020742379,-7.026972e-05,-5.6896413e-05,0.0023619484,-0.010818981,0.020753955,1.3468604e-05,1.9394479e-06,1.0119455e-05
Sample_4554_DH_2_ACTCCCAAGCGCATCC-1,-0.00048322883,-0.00024910975,-0.00021383999,0.004471264,-0.005855958,0.03447669,-0.00020705392,-3.7534013e-05,-6.740771e-05
Sample_4554_DH_2_AGAAATGAGATTGACA-1,-0.0004916254,-0.00048347606,-0.00035656831,-0.0044566747,-0.0055791126,0.05388747,-0.0010256856,-0.0001846159,-0.00038771288
Sample_4554_DH_2_AGACCATCAGACACAG-1,-9.403111e-05,-2.7166774e-05,-3.6474696e-05,0.0019833855,-0.014095041,0.019561322,-3.4896864e-05,-5.914179e-06,-1.3696487e-05
Sample_4554_DH_2_AGGACTTAGAATACAC-1,-0.00042198462,-0.00030150154,-0.00026600494,0.008795135,-0.0012089843,0.049896993,-0.0011784089,-0.00020379566,-0.00047975028
Sample_4554_DH_2_AGGGCTCGTGTCTTGA-1,-0.0038222263,-0.006054303,0.00092907075,0.0029348712,0.0010019272,0.04164704,0.013314229,0.0021270395,0.0063282675
Sample_4554_DH_2_ATACTTCTCTGAATGC-1,-0.00021885286,-5.7958983e-05,-8.463068e-05,-0.0002268386,-0.008551761,0.031047655,6.968944e-07,6.855696e-08,2.1521787e-06
Sample_4554_DH_2_ATCACGAGTTATAGAG-1,-0.0005291045,-0.00046447688,-0.00036781793,0.005031922,-0.009612788,0.04134031,0.00019847993,2.3364517e-05,0.00014421252
Sample_4554_DH_2_ATTCCCGGTTGCGAAG-1,-0.0006202126,-0.0005694524,-0.00043202462,0.0025702682,-0.0022950808,0.052039187,-0.000839599,-0.00015418159,-0.000299632
Sample_4554_DH_2_CACAGATCACGACAAG-1,-2.9076693e-05,-9.172594e-06,-8.912633e-06,-0.0016100546,-0.015615823,0.017388457,-3.9837534e-05,-6.723183e-06,-1.6636619e-05
Sample_4554_DH_2_CAGCAATCATAGATGA-1,-0.000102450584,-6.7017754e-05,-4.473572e-05,0.0020365329,-0.020665547,-0.003660721,-0.0006604846,-0.000112462534,-0.00027687536
Sample_4554_DH_2_CAGTTCCAGAGACAAG-1,-0.0005584781,-0.0004998226,-0.00039313277,0.003164456,-0.009817229,0.040711362,0.00030929968,4.107822e-05,0.00019648283
Sample_4554_DH_2_CATCCACTCTCTCGAC-1,-0.002142854,-0.0043749833,0.00016855351,0.0074353092,0.0015550929,0.044344965,0.0063328687,0.000916678,0.0029302833
Sample_4554_DH_2_CCACAAACAGCGGTTC-1,-0.00090990966,-0.0003956352,-0.00041676857,0.005836501,0.00045763148,0.0467636,0.00027409062,4.2665706e-05,0.00014987704
Sample_4554_DH_2_CCCTCAATCAATCTCT-1,-0.0009833234,-0.00055463734,-0.00051228504,0.00971424,-0.0002587619,0.04543637,0.0005380859,8.20059e-05,0.00029005756
Sample_4554_DH_2_CCGCAAGTCGCGTGCA-1,-3.0221128e-05,-1.23464e-05,-1.549168e-05,0.0059543047,-0.012205413,0.034598958,-0.00010993775,-1.857761e-05,-4.5713667e-05
Sample_4554_DH_2_CGGGCATTCCGAGAAG-1,-0.00010965072,-7.421175e-05,-3.514158e-05,-0.0025537368,-0.01800374,0.0021820397,-0.00071018894,-0.000121089295,-0.00029848423
Sample_4554_DH_2_CTACCTGCAGTCGGTC-1,-0.00032535725,-0.00027455136,-0.00019979807,0.014192119,-0.0071539963,0.045088317,-0.0011105206,-0.0001929339,-0.0004474076
Sample_4554_DH_2_CTCAGGGGTTTAGACC-1,-0.00032680208,-0.00024776213,-0.00015675327,0.010273074,-0.008065593,0.031554505,-0.0012135128,-0.0002090334,-0.0004999693
Sample_4554_DH_2_CTCAGTCGTCTCGCGA-1,-0.00040356518,-0.0003806179,-0.00024646305,-0.0006954023,-0.015367582,0.009414472,-0.0019212636,-0.00033363226,-0.00079180766
Sample_4554_DH_2_GACATCAAGAGTCAAT-1,-0.0003541705,-0.00011838702,-0.00012711293,-0.0008861476,-0.010862351,0.019603632,0.00018514569,3.0528274e-05,8.8435634e-05
Sample_4554_DH_2_GAGGCCTCAAGAAACT-1,-0.0029976903,-0.0029038503,0.0009820575,0.011144307,0.0030234153,0.04951833,0.0089993505,0.0014657169,0.0041570687
Sample_4554_DH_2_GAGGGATAGATTAGTG-1,-0.003369831,-0.0024493956,-0.001712082,0.024413295,0.005605128,0.052238133,0.006178016,0.0010117155,0.0028762515
Sample_4554_DH_2_GATAGCTGTGGATGAC-1,-6.0373957e-05,-2.3573692e-05,-1.8805538e-05,-0.0028914188,-0.018213024,0.005269979,-0.00014189545,-2.4043502e-05,-5.9265498e-05
Sample_4554_DH_2_GATTCTTGTATTGCCA-1,-6.853878e-05,-2.8324599e-05,-2.7275772e-05,0.0063081533,-0.011213051,0.036566194,-0.00013431565,-2.2751563e-05,-5.494781e-05
Sample_4554_DH_2_GCGAGAAGTGAGCAGT-1,-0.0010068454,-0.00068365753,-0.00059679785,0.0060896897,-0.000338137,0.056330834,0.00060325454,8.891577e-05,0.0003365593
Sample_4554_DH_2_GGTGAAGTCTTAATCC-1,-0.002401112,-0.0013561617,-0.00067166396,0.0054747947,0.0008258162,0.047257554,0.0019211986,0.00031735143,0.00088782504
Sample_4554_DH_2_TACGCTCGTAACACCT-1,-0.00016166725,-5.370169e-05,-5.220735e-05,0.0035079792,-0.012472093,0.016307455,-1.607107e-05,-2.828303e-06,-4.3068785e-06
Sample_4554_DH_2_TACGCTCGTATAGGGC-1,-0.00038779952,-0.00029712362,-0.00014428273,0.0013645851,-0.007282488,0.0379533,-0.00067125465,-0.00011715456,-0.0002641633
Sample_4554_DH_2_TCAAGTGCATCGGAGA-1,-0.00065090496,-0.00057266,-0.00046494015,0.010712517,7.0383094e-06,0.057644792,-0.0009385093,-0.00017008174,-0.00034746793
Sample_4554_DH_2_TCATGCCAGGTCATAA-1,-0.0001797101,-0.000114730276,-9.405747e-05,0.001513079,-0.005277918,0.046951067,-0.0008865885,-0.00015149624,-0.00036889254
Sample_4554_DH_2_TCATGCCGTGTTAAAG-1,-0.0021954812,-0.004685894,0.00023189378,0.0071699102,0.0015326315,0.043828264,0.007003886,0.0010161222,0.0032315205
Sample_4554_DH_2_TCATGTTTCGCACTCT-1,-0.0003230277,-0.00013207363,-0.00012250597,0.002940662,-0.006861637,0.037080366,-6.126939e-05,-1.1485386e-05,-1.4699674e-05
Sample_4554_DH_2_TCGGGTGCAGGCTCTG-1,-5.6830584e-05,-2.685626e-05,-2.413372e-05,0.007193575,-0.02380162,-0.0116037335,-0.0002506248,-4.2504504e-05,-0.00010481852
Sample_4554_DH_2_TGAGGAGTCATCACCC-1,-0.0030023777,-0.005480803,0.0016227149,0.002870537,0.0005879217,0.044411913,0.009093038,0.001429601,0.0042488705
Sample_4554_DH_2_TTCATTGGTTGCATTG-1,-0.00045717275,-0.0004299408,-0.00028558995,-0.0039429106,-0.014385443,0.011584652,-0.0011121624,-0.00019698896,-0.00043439624
Sample_4554_DH_2_TTCTTGACACTCAGAT-1,-0.00080471276,-0.00077009125,-0.00056931464,0.014746334,0.0043932446,0.059365187,-0.00078896194,-0.00015061614,-0.00026211416
Sample_4554_DH_2_TTTACTGTCCACATAG-1,-0.0006162335,-0.00054232526,-0.0004003476,0.0023640154,-0.0016388233,0.04666214,-0.0012819193,-0.00022763816,-0.00050048635
