,SERa,SERg,SERn
X1001000180.G9,-0.0036228597,0.0,0.0
X1001000180.G12,-0.04638402,-0.00022653834,-0.0067744283
X1001000180.E4,0.008933336,-3.476823e-12,0.0
X1001000180.H9,-0.007607043,0.0,0.0
X1001000180.H11,-0.0010895133,0.0,0.0
X1001000180.B1,0.002966538,-2.5046436e-09,-3.733347e-07
X1001000180.G4,-0.037265036,-0.002219047,-0.014443784
X1001000180.F10,-0.008420885,0.0,0.0
X1001000180.H6,0.000955835,0.0,0.0
X1001000181.D8,0.010103673,-1.2613636e-05,-2.1783811e-05
X1001000181.E1,5.3554773e-05,0.0,0.0
X1001000181.F12,-0.014110178,9.528258e-09,-4.6538906e-07
X1001000181.E3,-0.0015378147,-0.00017237292,-0.006922759
X1001000181.D2,0.0044553876,0.0,0.0
X1001000181.C4,-0.017702669,3.663422e-08,-1.5274602e-06
X1001000181.F6,0.005539894,0.0,0.0
X1001000181.D1,0.007206425,0.0,0.0
X1001000186.B4,-0.0043103546,1.615745e-08,-3.2381897e-06
X1001000186.E9,0.0040061474,1.1288573e-08,-9.076013e-07
X1001000186.H6,-0.00014200807,0.0,0.0
X1001000187.G3,-0.0019783378,0.0,0.0
X1001000187.D2,-0.0043298155,0.0,0.0
X1001000187.H1,0.0032877326,0.0,0.0
X1001000187.E3,0.0028716326,0.0,0.0
X1001000187.F4,0.00042065978,4.016237e-09,-8.952859e-07
X1001000187.F9,-0.006563276,0.0,0.0
X1001000018.D10,0.007347524,-6.827938e-07,-5.7879242e-06
X1001000018.F11,-0.020785958,-0.009673445,-0.015125259
X1001000028.D10,-0.005523624,-0.008264291,-0.02052256
X1001000232.E4,-0.00076650083,0.0,0.0
X1001000253.G6,0.014708802,-1.3644342e-08,-8.908521e-08
X1001000253.H2,-0.0026792288,0.0,0.0
X1001000253.B11,0.0041121095,0.0,0.0
X1001000253.E5,0.0066929907,-6.6733523e-06,-1.4951172e-05
X1001000253.E12,0.0006248653,0.0,0.0
X1001000253.G12,-0.004171118,9.067137e-10,-5.24465e-08
X1001000253.E9,-0.015410572,0.0,0.0
X1001000253.H5,-0.017170608,1.7896054e-08,-7.4181565e-07
X1001000253.H1,-0.017554104,-2.0543355e-08,-1.18143525e-07
X1001000253.E4,-0.0064352453,-3.3638134e-06,-0.00068116107
X1001000253.D8,-0.009386063,0.0,0.0
X1001000253.C10,-0.0030522048,-2.3682468e-07,-4.746584e-06
X1001000253.C4,-0.0007370375,-0.0012408979,-0.013131213
X1001000253.G1,-0.022887856,1.9776254e-09,-1.2077459e-07
X1001000253.A8,-0.009026751,1.03753166e-07,-1.9667787e-05
X1001000253.H4,0.0015373081,9.672247e-08,-2.7417243e-06
X1001000253.D5,-0.0030729473,0.0,0.0
X1001000253.C6,-0.0045677423,-1.0657755e-11,0.0
X1001000253.G7,0.0025389344,-4.6107843e-11,0.0
X1001000254.G7,-0.009358376,0.0,0.0
X1001000254.C11,-0.009063736,6.740259e-07,-2.3949651e-05
X1001000254.G10,0.0061819106,-2.3053922e-11,0.0
X1001000254.D10,0.008234113,0.0,0.0
X1001000254.E1,0.009904832,-9.569251e-11,0.0
X1001000254.A10,-0.00960198,2.645658e-09,-1.4116233e-07
X1001000254.F4,-0.025680155,-1.5005924e-08,-2.0869484e-06
X1001000254.F12,-0.011276513,9.183972e-10,-6.0950484e-08
X1001000254.F3,0.00087727606,0.0,0.0
X1001000254.A5,-0.012512267,0.0,0.0
X1001000254.G8,0.004527569,0.0,0.0
X1001000254.B5,0.006471917,-2.453245e-08,-7.5232926e-08
X1001000254.B8,-0.031195067,-0.0013614432,-0.0116224885
X1001000254.D12,0.0014775395,0.0,0.0
X1001000255.H1,0.020853408,-0.0040312978,-0.009876584
X1001000255.G10,0.00011393428,2.1688254e-07,-7.1391382e-06
X1001000255.B6,-0.010140568,0.0,0.0
X1001000255.A1,0.0021126568,5.895889e-09,-9.850903e-07
X1001000255.D8,0.011481285,-1.8477039e-08,-2.7773405e-07
X1001000255.F7,-0.016751558,-1.0407735e-08,-1.0104844e-06
X1001000255.B8,-0.015904441,-1.0570194e-06,-3.1998723e-06
X1001000255.B5,-3.068149e-05,-5.5898333e-08,-2.051997e-06
X1001000255.H8,0.0028275251,2.979418e-09,-2.344345e-07
X1001000255.E5,-0.011869758,0.0,0.0
X1001000255.G5,-0.014842242,-2.3053922e-11,0.0
X1001000255.C10,0.028524227,-0.0007855962,-0.0087878
X1001000255.A2,0.0077712685,0.0,0.0
X1001000255.E9,-0.0057181567,-2.3949742e-08,-7.6862875e-07
X1001000255.E8,0.0042659044,-1.7384115e-12,0.0
X1001000255.A4,0.009145677,-1.5385943e-06,-6.965788e-06
X1001000255.E6,-0.004170865,-2.6480195e-05,-0.0023980122
X1001000267.F5,0.005871378,-2.5122317e-05,-0.004039972
X1001000267.C7,-0.00858477,-0.01984419,-0.015629703
X1001000267.H11,-0.015036028,-0.011853584,-0.013697659
X1001000267.E8,-0.0075393766,2.8463458e-07,-1.3053243e-05
X1001000267.H10,0.010091484,0.0,0.0
X1001000267.B4,-0.0017302409,-4.214765e-05,-0.0025437179
X1001000267.A1,0.008375913,0.0,0.0
X1001000267.G10,-0.005647078,5.4641403e-09,-3.0381554e-07
X1001000175.H9,-0.0019701552,-0.0013630894,-0.017302973
X1001000186.D2,-5.5999085e-06,1.9205056e-06,-0.014313221
X1001000186.E7,-0.0008206252,-0.00038515378,-0.0140035115
X1001000186.F1,-7.1144927e-06,-1.8924197e-06,0.0007620901
X1001000186.E11,-3.738403e-05,-2.2430348e-05,0.0008748695
X1001000186.F5,-0.00024649542,-0.00010910601,0.009004451
X1001000186.D5,-7.1313184e-06,1.6483908e-06,0.0015877634
X1001000186.D3,-0.00022805762,-7.2966985e-05,-0.0022817403
X1001000187.G10,-1.18750295e-05,5.747197e-07,-0.014574848
X1001000187.C7,-1.4897053e-05,2.0237424e-06,-0.0032818317
X1001000187.E4,-9.974742e-05,-4.1434105e-05,0.010327544
X1001000187.F6,-0.0003002087,-0.00011882315,-0.0036201812
X1001000187.G5,-4.2247317e-05,-9.234804e-06,0.0047970265
X1001000187.A2,-5.3731064e-06,1.3689955e-06,-0.011464313
X1001000187.C6,-0.00075262587,-0.00038624025,0.0058979727
X1001000187.E9,-0.00043742248,-0.00030247302,-0.017381953
X1001000187.H11,-4.90465e-06,1.3931086e-06,0.02181556
X1001000187.E12,-0.0011025931,-0.0006040702,-0.012480028
X1001000187.F10,-0.00089228596,-0.00044785484,-0.008218886
X1001000187.F3,-0.0006534865,-0.00026281763,-0.0014851987
X1001000249.H2,-0.000600019,-0.00027397263,-0.0054555945
Sample_4554_DH_1_AAAGAACGTGGCCCAT-1,-2.479092e-05,0.0060976227,-0.00010280493
Sample_4554_DH_1_AACCCAACAGCATGCC-1,-0.0010657021,-0.006263645,-0.012419654
Sample_4554_DH_1_AAGGTAAAGTACTCGT-1,-5.7785787e-06,0.012128061,-4.4667286e-05
Sample_4554_DH_1_AAGTCGTAGTTTGTCG-1,-0.005083275,-0.009276927,-0.01847211
Sample_4554_DH_1_AATAGAGCACGTCATA-1,-0.0062631993,-0.01079303,-0.021319857
Sample_4554_DH_1_AATAGAGTCTGGGATT-1,-0.00064339984,-0.04517671,-0.0072435807
Sample_4554_DH_1_AATAGAGTCTGTTGGA-1,-1.5640178e-05,0.008349242,-0.0001384589
Sample_4554_DH_1_AATCACGTCGGAATTC-1,-1.3033218e-05,-0.007339649,-0.00036447847
Sample_4554_DH_1_AATTTCCTCGGTTCAA-1,-0.0003190816,-0.031949107,-0.0046603796
Sample_4554_DH_1_ACAACCAGTAGTGCGA-1,-1.0715537e-07,-0.011457328,-3.1224313e-06
Sample_4554_DH_1_ACAGGGATCTTCGATT-1,-1.30258e-06,-0.010784008,-4.8274254e-05
Sample_4554_DH_1_ACATGCAAGGGCTAAC-1,-1.49614325e-05,-0.027851654,-0.0004701457
Sample_4554_DH_1_ACATTTCTCAACCTTT-1,0.0,0.023559436,0.0
Sample_4554_DH_1_ACGTCCTAGTCTGCAT-1,0.0,0.0046722963,0.0
Sample_4554_DH_1_ACTGATGAGCCGTTAT-1,-0.0061446186,-0.009054251,-0.021152157
Sample_4554_DH_1_ACTGTCCAGTGCGCTC-1,-0.0016673566,-0.02948993,-0.013283879
Sample_4554_DH_1_AGACCCGTCACTCCGT-1,0.0,-0.0021049865,0.0
Sample_4554_DH_1_AGAGCCCTCCAACACA-1,-9.702963e-05,-0.01660328,-0.002565584
Sample_4554_DH_1_AGCGATTGTAGTCACT-1,-2.1052533e-10,-0.005019307,-7.0960393e-09
Sample_4554_DH_1_AGCGTCGAGAGTGACC-1,-6.526985e-09,0.015570771,-1.3802374e-07
Sample_4554_DH_1_AGCTTCCAGTTTGTCG-1,-0.00029463661,-0.049925737,-0.005008158
Sample_4554_DH_1_AGGGCTCAGGCTTTCA-1,-2.1120371e-07,0.014360853,-5.611639e-06
Sample_4554_DH_1_ATCCATTGTCTTCTAT-1,0.0,-0.002288498,0.0
Sample_4554_DH_1_ATCGTGAAGTAACCTC-1,0.0,-0.00010946393,0.0
Sample_4554_DH_1_ATGATCGCAAGGAGTC-1,-0.006900601,-0.008545194,-0.021431692
Sample_4554_DH_1_ATGGGAGAGATTACCC-1,0.0,0.013015933,0.0
Sample_4554_DH_1_ATGGGTTGTCGCACGT-1,-0.00032346256,0.0124096945,-0.00565453
Sample_4554_DH_1_ATTACTCAGCGACCCT-1,0.0,0.0012204796,0.0
Sample_4554_DH_1_ATTCAGGTCAACTACG-1,-7.35932e-06,0.015258033,-0.00018913482
Sample_4554_DH_1_ATTCCTACAACAGCTT-1,0.0,0.0048543103,0.0
Sample_4554_DH_1_CAACAGTAGAGCCGTA-1,-4.4287067e-06,-0.008474132,-6.302403e-05
Sample_4554_DH_1_CAACCAACACTACTTT-1,-0.0066174204,-0.0076475455,-0.018921943
Sample_4554_DH_1_CAACCAATCTCGAGTA-1,-0.0007230529,0.04475771,-0.0101098325
Sample_4554_DH_1_CAACGATTCTTGCGCT-1,-1.0650899e-06,-0.015741771,-8.259952e-06
Sample_4554_DH_1_CAAGACTCAGTAGGAC-1,-5.7346567e-09,0.01563878,-6.413336e-08
Sample_4554_DH_1_CACAGATCATCCGAGC-1,0.0,-0.011825934,0.0
Sample_4554_DH_1_CACGTGGGTTGTTGTG-1,-1.3722638e-06,-0.004105389,-2.6477033e-05
Sample_4554_DH_1_CACGTTCAGTGCACTT-1,-9.689794e-08,-0.018621683,-2.2290126e-06
Sample_4554_DH_1_CAGAGCCTCACTAGCA-1,-0.0057148733,-0.008063026,-0.02126676
Sample_4554_DH_1_CAGCCAGAGAGAGTTT-1,-6.260683e-08,-0.0020392798,-1.2119274e-06
Sample_4554_DH_1_CATACTTCATAAGCGG-1,-0.006008592,-0.0085391775,-0.02035112
Sample_4554_DH_1_CATAGACAGGCCATAG-1,-1.8597591e-08,-0.0024818778,-1.711241e-07
Sample_4554_DH_1_CATCCACTCTACGCGG-1,0.0,-0.004988026,0.0
Sample_4554_DH_1_CATCCGTCACAGCGCT-1,-2.0324826e-06,-0.02145418,-5.871894e-05
Sample_4554_DH_1_CATGAGTCAATCCAGT-1,-0.00010247891,0.012637556,-0.0018991879
Sample_4554_DH_1_CATGCTCGTACCTGTA-1,0.0,-0.022303455,0.0
Sample_4554_DH_1_CCACTTGGTCGATTTG-1,0.0,-0.020597093,0.0
Sample_4554_DH_1_CCCAACTCAGGCATTT-1,-7.047218e-09,-0.036676016,-1.4886211e-07
Sample_4554_DH_1_CCCATTGGTTAGCTAC-1,-3.0458547e-10,-0.0066605546,-5.2623133e-09
Sample_4554_DH_1_CCCTAACGTCCCTCAT-1,-0.0007035483,-0.011331545,-0.011179782
Sample_4554_DH_1_CCCTCTCGTCATCCGG-1,0.0,-0.004369542,0.0
Sample_4554_DH_1_CCGAACGAGGACGCAT-1,0.0,0.010535348,0.0
Sample_4554_DH_1_CCGGACATCCGTCAAA-1,-0.0020477956,-0.0059532295,-0.01472261
Sample_4554_DH_1_CCGTTCAGTGGTTTGT-1,0.0,0.008069169,0.0
Sample_4554_DH_1_CCTCTCCCAAGGATGC-1,0.0,0.00014060363,0.0
Sample_4554_DH_1_CCTCTCCCACTACAGT-1,-2.8543232e-08,0.014221169,-8.0239647e-07
Sample_4554_DH_1_CCTTGTGCATCAGTCA-1,-6.68022e-06,-0.020192705,-4.318271e-05
Sample_4554_DH_1_CGAGTTAGTCTAACGT-1,-0.0028400712,-0.035178687,-0.011589422
Sample_4554_DH_1_CGGTCAGAGCCATTGT-1,-9.342092e-09,-0.00044248253,-1.9273973e-07
Sample_4554_DH_1_CGTAAGTGTTTCGACA-1,-0.00030063104,0.006119646,-0.005980521
Sample_4554_DH_1_CGTCAAATCCACGAAT-1,0.0,-0.007482767,0.0
Sample_4554_DH_1_CGTCCATAGCACTAGG-1,0.0,0.014321726,0.0
Sample_4554_DH_1_CGTGATACAAGATGTA-1,0.0,0.014555976,0.0
Sample_4554_DH_1_CTCAAGAGTATCCTCC-1,0.0,0.00070238113,0.0
Sample_4554_DH_1_CTCAGAACAAGAGTTA-1,0.0,0.001281999,0.0
Sample_4554_DH_1_CTCAGTCAGCATGGGT-1,-3.4789338e-09,-0.0077579394,-9.814867e-08
Sample_4554_DH_1_CTCATGCCAGAACGCA-1,-3.8068313e-07,0.0044959933,-1.16898e-05
Sample_4554_DH_1_CTCATTAAGGATCACG-1,0.0,0.0044637173,0.0
Sample_4554_DH_1_CTCATTAAGGATGCGT-1,-0.0011773835,-0.041677807,-0.0064134835
Sample_4554_DH_1_CTGAGCGCACCCAAGC-1,0.0,0.012891669,0.0
Sample_4554_DH_1_CTGCCATGTGCATCTA-1,-3.8312464e-09,0.012056775,-1.5298619e-07
Sample_4554_DH_1_CTGCCTAGTGGGATTG-1,-4.6753e-09,-0.0007716492,-1.3315203e-07
Sample_4554_DH_1_CTGCTCAGTCTGTGAT-1,-6.844275e-08,-0.0022301823,-1.5622477e-06
Sample_4554_DH_1_CTGGTCTAGTAAACAC-1,-6.741891e-08,0.0062480494,-1.2105936e-06
Sample_4554_DH_1_CTGGTCTCATCCGTTC-1,0.0,-0.00553564,0.0
Sample_4554_DH_1_CTGTATTCACTCGATA-1,-2.3011584e-08,0.005785711,-5.928944e-07
Sample_4554_DH_1_CTTGAGATCGGATAAA-1,-9.71521e-06,-0.0018567163,-0.00035892415
Sample_4554_DH_1_CTTGATTCACTCACTC-1,0.0,0.0011216514,0.0
Sample_4554_DH_1_GAAGTAAGTGGTCCCA-1,-3.925619e-07,0.012223095,-6.490534e-06
Sample_4554_DH_1_GAATAGACATTGACCA-1,-0.000118209646,0.01742483,-0.0025794173
Sample_4554_DH_1_GAATCGTCAGCACAAG-1,-7.513687e-08,-0.0015241653,-2.422248e-06
Sample_4554_DH_1_GAATCGTGTACACGCC-1,-1.1497566e-08,0.0125868395,-1.2703487e-07
Sample_4554_DH_1_GACCTTCAGACATATG-1,-0.0006057997,-0.027323127,-0.006207578
Sample_4554_DH_1_GACCTTCCATCAACCA-1,0.0,0.001039058,0.0
Sample_4554_DH_1_GAGACTTAGTTGTACC-1,0.0,0.0042884275,0.0
Sample_4554_DH_1_GAGTCATAGAGTTCGG-1,-1.6421085e-08,-0.009343062,-5.261189e-07
Sample_4554_DH_1_GATGACTGTGTAACGG-1,0.0,0.012541287,0.0
Sample_4554_DH_1_GATTCTTGTGCCCACA-1,0.0,0.007157199,0.0
Sample_4554_DH_1_GCACGGTAGCAGTACG-1,-0.00043501897,0.04415902,-0.00877872
Sample_4554_DH_1_GCACTAATCGAAATCC-1,-7.7251866e-07,-0.04646342,-2.3197515e-05
Sample_4554_DH_1_GCATCTCTCAGTCCGG-1,-0.0083364695,-0.004936614,-0.022445744
Sample_4554_DH_1_GCGGATCCAAGCTGCC-1,0.0,-0.0056760386,0.0
Sample_4554_DH_1_GCTGAATCATCCTCAC-1,-0.0022282363,0.0020153096,-0.014980021
Sample_4554_DH_1_GCTTCACTCTTGGCTC-1,-0.0018532875,-0.0056815585,-0.0141496835
Sample_4554_DH_1_GGAAGTGAGTGTAGTA-1,-0.00010338514,0.016948804,-0.003244587
Sample_4554_DH_1_GGGACCTAGTGCTCGC-1,-2.8464747e-05,0.0016114605,-0.0011300767
Sample_4554_DH_1_GGGCTACTCTAGAACC-1,-0.002292287,-0.02087888,-0.01533479
Sample_4554_DH_1_GGTAACTTCAGAGCAG-1,0.0,-0.001235161,0.0
Sample_4554_DH_1_GTAATGCAGGAAGTCC-1,-5.860152e-09,0.033974998,-5.1147776e-08
Sample_4554_DH_1_GTAGGAGGTCAAATCC-1,0.0,0.009071965,0.0
Sample_4554_DH_1_GTAGGAGTCCTTCTTC-1,-2.034318e-08,0.019490797,-4.928483e-07
Sample_4554_DH_1_GTCAAGTAGGTTCACT-1,-0.00015364261,0.014252932,-0.003826067
Sample_4554_DH_1_GTCACTCCAATATCCG-1,-2.2536291e-08,0.020239335,-4.7577836e-07
Sample_4554_DH_1_GTCACTCTCACGTAGT-1,-1.42651615e-08,-0.00446932,-5.666264e-07
Sample_4554_DH_1_GTCCTCAGTCGTCAGC-1,-0.00014459647,-0.020836992,-0.0035532191
Sample_4554_DH_1_GTCTAGATCCAGCACG-1,-1.6868893e-05,0.018793289,-0.00021689571
Sample_4554_DH_1_GTGAGTTAGCTGGCTC-1,-1.2673749e-07,-0.0039750375,-1.9442818e-06
Sample_4554_DH_1_GTGTGATCATTCGATG-1,-2.7974835e-07,-0.0048726797,-9.026409e-06
Sample_4554_DH_1_GTTAGTGCACTATCGA-1,-1.7815027e-09,0.00863548,-4.822392e-08
Sample_4554_DH_1_GTTGTCCAGTCAACAA-1,-4.4440407e-09,0.008431479,-8.031296e-08
Sample_4554_DH_1_GTTTACTAGGCATTTC-1,-2.492942e-08,0.0068772417,-5.354314e-07
Sample_4554_DH_1_TAACACGGTTTGACAC-1,-0.006608499,-0.004975615,-0.018905511
Sample_4554_DH_1_TAAGCACCACGATTCA-1,-6.74081e-08,-0.0191572,-1.7861862e-06
Sample_4554_DH_1_TACAGGTGTCGACTGC-1,0.0,0.013812702,0.0
Sample_4554_DH_1_TACCGAACACACTTAG-1,-6.160722e-09,0.0050825067,-2.2792393e-07
Sample_4554_DH_1_TACGGGCAGTTCACTG-1,-1.454723e-07,-0.0039942786,-2.3497316e-06
Sample_4554_DH_1_TAGATCGTCGGATTAC-1,-4.0180952e-05,-0.0060391836,-0.0004492175
Sample_4554_DH_1_TAGGTTGTCTAATTCC-1,-8.113863e-09,0.004785873,-3.6062673e-07
Sample_4554_DH_1_TCAAGACGTGTTGATC-1,-0.00031261682,0.006073313,-0.005526974
Sample_4554_DH_1_TCAAGTGCACTGGCCA-1,0.0,0.0013552904,0.0
Sample_4554_DH_1_TCACGGGTCTTGGATG-1,-1.6594434e-07,0.02124267,-3.9520223e-06
Sample_4554_DH_1_TCAGGTAAGTAACGAT-1,-2.0422792e-07,-0.02261185,-2.3540376e-06
Sample_4554_DH_1_TCATATCAGTCTTGGT-1,-8.141733e-05,-0.028387476,-0.001587957
Sample_4554_DH_1_TCATTACCAAGTCCCG-1,0.0,0.0021962821,0.0
Sample_4554_DH_1_TCATTTGGTTCGGCTG-1,-3.1480035e-08,0.0016615503,-5.6854293e-07
Sample_4554_DH_1_TCCACGTTCCTACCGT-1,-0.0023008627,-0.003909437,-0.015449788
Sample_4554_DH_1_TCCGAAACACAAATGA-1,-0.00016402453,-0.018786386,-0.004251282
Sample_4554_DH_1_TCCGGGAGTGGCTGCT-1,0.0,-4.707277e-05,0.0
Sample_4554_DH_1_TCCTCGACAGCCTTCT-1,-0.006991435,-0.0056462255,-0.021811433
Sample_4554_DH_1_TCGACCTCAGTAGTTC-1,-2.6932494e-07,0.023196898,-8.285601e-06
Sample_4554_DH_1_TCGACGGGTAGATCCT-1,-0.00032430235,0.011279646,-0.00566499
Sample_4554_DH_1_TCGCAGGAGTCGTCTA-1,0.0,0.0029095635,-1.621556e-10
Sample_4554_DH_1_TCGGGTGTCGTAGCCG-1,-2.8113462e-08,-0.00330396,-6.6997353e-07
Sample_4554_DH_1_TCGTAGATCTTGTGCC-1,-0.008160563,-0.005451573,-0.013924214
Sample_4554_DH_1_TCTCCGACATATGCGT-1,-1.256922e-09,0.011262178,-4.758088e-08
Sample_4554_DH_1_TCTTAGTAGTCACGAG-1,-8.003936e-06,-0.005013991,-0.00025869164
Sample_4554_DH_1_TGAGCGCCAACTCCCT-1,0.0,0.0086105205,0.0
Sample_4554_DH_1_TGATTTCAGGTTAGTA-1,-5.546232e-07,-0.00021150708,-1.3801716e-05
Sample_4554_DH_1_TGCATGACAGACCAGA-1,0.0,-0.02117271,0.0
Sample_4554_DH_1_TGCCGAGGTTCGAGCC-1,-8.0779515e-08,-0.0087590255,-9.945542e-07
Sample_4554_DH_1_TGCGATAGTCAAGCGA-1,0.0,0.011371009,0.0
Sample_4554_DH_1_TGCGGCACAAAGTGTA-1,0.0,-0.0005160384,0.0
Sample_4554_DH_1_TGCGGGTGTGACGTCC-1,-0.0007107611,-0.030904153,-0.0088881785
Sample_4554_DH_1_TGCTCCACAGGAGGAG-1,-5.278583e-09,0.017227098,-1.2133019e-07
Sample_4554_DH_1_TGGATCATCTATCGCC-1,-5.2158885e-07,-0.0010571629,-1.1996282e-05
Sample_4554_DH_1_TGGATGTAGGAAAGTG-1,0.0,0.027778469,0.0
Sample_4554_DH_1_TGGATGTCAGAAACCG-1,-1.0596848e-05,0.010790199,-0.00022263385
Sample_4554_DH_1_TGGTTAGGTTCCATTT-1,-7.922851e-11,0.0134522915,-4.5766635e-09
Sample_4554_DH_1_TGTCAGACAGCTGTCG-1,0.0,-0.021146916,0.0
Sample_4554_DH_1_TGTCCACGTGAGGCAT-1,-2.4333668e-08,-0.006895952,-4.3720976e-07
Sample_4554_DH_1_TGTGAGTGTATTTCCT-1,-1.4170905e-07,0.024043301,-6.052184e-06
Sample_4554_DH_1_TGTGATGCACCTAAAC-1,0.0,-0.0067125484,0.0
Sample_4554_DH_1_TGTTCTAAGAATCTAG-1,-2.287942e-07,-0.013252003,-5.3982253e-06
Sample_4554_DH_1_TGTTGAGTCGCTCCTA-1,-0.0010648558,-0.0062710205,-0.011760967
Sample_4554_DH_1_TTAGGCATCTGTGCGG-1,-2.8703294e-06,0.0036350712,-8.366692e-05
Sample_4554_DH_1_TTCATTGAGATTCGCT-1,-0.0022078417,0.0031759513,-0.014936277
Sample_4554_DH_1_TTCCGTGCATCGCTAA-1,-5.3026383e-07,-0.014297472,-4.090266e-06
Sample_4554_DH_1_TTCTCTCCAACAGCTT-1,-4.2344226e-08,0.0004471019,-8.734332e-07
Sample_4554_DH_1_TTGACCCAGCGTCAAG-1,-0.00014545249,0.014304534,-0.0029387977
Sample_4554_DH_1_TTGCGTCAGATTAGCA-1,-1.5766935e-07,0.0005025314,-5.0521726e-06
Sample_4554_DH_1_TTGCTGCTCCTGGCTT-1,-3.5822445e-08,-0.0020357296,-1.3295055e-06
Sample_4554_DH_1_TTGGATGTCAAGCTTG-1,-0.002553531,-0.023636082,-0.015561724
Sample_4554_DH_1_TTGGGATGTGGTCTTA-1,-0.0015184942,-0.031022413,-0.012771387
Sample_4554_DH_1_TTTACCACAAGCTACT-1,0.0,0.009842467,0.0
Sample_4554_DH_1_TTTAGTCGTGATACTC-1,-0.0072682723,-0.0061478163,-0.0130945835
Sample_4554_DH_1_TTTCGATAGCATCCTA-1,-3.569993e-07,-0.018119272,-2.7569845e-06
Sample_4554_DH_1_TTTGGAGGTTCTCTAT-1,-5.737644e-08,-0.0077775307,-2.0879686e-06
