,PGa_SERa,PGg_SERg,PGn_SERn,SERa_SERs,SERs_SERg,SERs_SERn,SERa_SERaout,SERg_SERgout,SERn_SERnout,SERa_GLYa,SERg_GLYg,SERn_GLYn,SER0_SERa,SER0_SERg,SER0_SERn,SERp_SERa,SERp_SERg,SERp_SERn
X1001000180.G9,0.58854,0.0,0.0,0.53484875,6.487543e-10,0.0,0.23867254,3.409905e-09,0.0,0.038772676,9.137802e-09,0.0,0.014306357,0.0,0.0,0.21155357,1.2783779e-11,0.0
X1001000180.G12,0.23869343,0.0005749576,7.83018e-06,0.27285638,0.012570552,0.0124531705,0.10595923,0.001714413,0.014762973,0.0027384863,0.020467836,7.216822e-10,0.0012556853,6.7633823e-06,6.5943736e-05,0.1108439,5.2053136e-05,4.8825495e-06
X1001000180.E4,0.5790094,2.4725902e-10,0.0,0.50608844,2.8281914e-08,0.0,0.26921663,5.5882282e-08,0.0,0.014534129,2.0817264e-07,0.0,0.006120864,0.0,0.0,0.21486759,3.8432854e-11,0.0
X1001000180.H9,0.61154306,0.0,0.0,0.48338062,9.876795e-11,0.0,0.3538855,1.4875964e-10,0.0,0.020321317,2.9526157e-09,0.0,0.019443437,0.0,0.0,0.2205193,0.0,0.0
X1001000180.H11,0.5763389,0.0,0.0,0.50530577,1.2984596e-09,0.0,0.27753165,6.8251285e-09,0.0,0.026692275,1.930469e-08,0.0,0.005472555,0.0,0.0,0.22842431,-1.0381359e-11,0.0
X1001000180.B1,0.52319527,4.6878966e-08,8.18502e-10,0.44127035,8.626366e-06,8.8774533e-07,0.28602776,2.2661188e-06,9.011038e-07,0.016260749,1.5311512e-05,0.0,0.004667774,3.396719e-10,2.5300686e-09,0.21220756,4.9268563e-09,9.397147e-11
X1001000180.G4,0.10384227,0.0027138218,3.3167846e-05,0.13419753,0.08451274,0.039242093,0.025060147,0.018094493,0.045121253,0.030467685,0.08423242,2.9794949e-09,6.224633e-05,6.862135e-05,0.0002310917,0.056261502,0.0004026622,1.6252121e-05
X1001000180.F10,0.5624485,0.0,0.0,0.44745207,1.4815194e-10,0.0,0.34839764,8.663976e-10,0.0,0.00863477,1.5828897e-08,0.0,0.007268334,0.0,0.0,0.22655201,0.0,0.0
X1001000180.H6,0.55842406,0.0,0.0,0.4351092,1.265537e-09,0.0,0.33599824,4.1925152e-09,0.0,0.011702743,1.2938948e-08,0.0,0.006166833,0.0,0.0,0.22350979,-1.0381359e-11,0.0
X1001000181.D8,0.5235265,2.3405428e-06,2.6722216e-08,0.42278647,0.00040877511,3.1965013e-05,0.24178718,7.6933116e-05,3.3577806e-05,0.0143695455,0.0006298665,0.0,0.004653572,1.4117736e-08,9.8389485e-08,0.15740025,1.1916164e-06,4.4980104e-09
X1001000181.E1,0.5396374,2.5533406e-10,0.0,0.43393877,1.9471832e-08,0.0,0.30769172,7.918762e-08,0.0,0.016482614,3.0084007e-07,0.0,0.0103314845,0.0,0.0,0.21302843,2.896895e-11,0.0
X1001000181.F12,0.38937506,2.1179562e-07,4.2814325e-09,0.29885605,2.2314036e-05,5.6941067e-06,0.32342315,6.5669324e-06,6.2329027e-06,0.00828827,8.620237e-05,0.0,0.011827866,1.980722e-09,1.9523918e-08,0.21925664,2.4405871e-08,1.001368e-09
X1001000181.E3,0.33951688,0.00043472915,4.6395653e-06,0.32741338,0.010225909,0.008323316,0.12767838,0.0011645957,0.010287204,0.005569042,0.01565628,5.02235e-10,0.0014758074,6.113951e-06,4.8970585e-05,0.11237067,4.6311903e-05,3.7725104e-06
X1001000181.D2,0.58886987,0.0,0.0,0.49558267,1.1996917e-09,0.0,0.30841187,2.5769276e-09,0.0,0.014751586,5.6879994e-09,0.0,0.0067667617,0.0,0.0,0.2281518,-1.0381359e-11,0.0
X1001000181.C4,0.39152417,2.573742e-07,5.874003e-09,0.31247965,1.0550949e-05,7.75006e-06,0.32165748,5.253118e-06,8.55854e-06,0.009259224,8.040501e-05,0.0,0.013836522,1.3013783e-09,2.7309946e-08,0.22142982,2.3791324e-08,1.4323033e-09
X1001000181.F6,0.6190246,0.0,0.0,0.44799453,3.6214914e-10,0.0,0.40585548,8.663976e-10,0.0,0.012985802,2.127522e-09,0.0,0.02340414,0.0,0.0,0.22759914,6.3918896e-12,0.0
X1001000181.D1,0.6279463,0.0,0.0,0.44299194,8.230663e-12,0.0,0.38974005,0.0,0.0,0.017876325,3.1088677e-11,0.0,0.020439968,0.0,0.0,0.20820045,0.0,0.0
X1001000186.B4,0.5471925,4.325684e-07,6.7300827e-09,0.40971485,5.8549573e-05,7.5727785e-06,0.335282,1.5511863e-05,7.733956e-06,0.00577886,7.803061e-05,0.0,0.00601357,3.529434e-09,2.0951905e-08,0.190961,3.5727403e-08,9.448174e-10
X1001000186.E9,0.48670974,4.136949e-08,8.649963e-10,0.46188903,2.7449312e-06,1.1687385e-06,0.21630454,7.06372e-07,1.3106659e-06,0.0068897167,2.6878935e-05,0.0,0.003022219,0.0,4.438569e-09,0.19317365,6.589665e-09,2.2884691e-10
X1001000186.H6,0.59322107,-2.1134696e-11,0.0,0.46336293,3.566597e-09,0.0,0.34184197,5.1480176e-09,0.0,0.019207476,9.054339e-09,0.0,0.008685697,0.0,0.0,0.21991158,-5.157222e-12,0.0
X1001000187.G3,0.5967809,0.0,0.0,0.5194041,1.1522928e-10,0.0,0.302443,4.499089e-10,0.0,0.024427624,3.9472217e-09,0.0,0.0170766,0.0,0.0,0.22785568,0.0,0.0
X1001000187.D2,0.5577234,4.2051654e-11,0.0,0.4431022,2.4975961e-09,0.0,0.31972286,1.0246188e-08,0.0,0.014529514,6.043611e-08,0.0,0.0054423925,0.0,0.0,0.21225142,-2.0762718e-11,0.0
X1001000187.H1,0.556595,0.0,0.0,0.4241473,1.9801365e-09,0.0,0.3494237,7.420167e-09,0.0,0.015378383,3.7651446e-08,0.0,0.014080593,0.0,0.0,0.22181892,2.4024203e-12,0.0
X1001000187.E3,0.5920921,0.0,0.0,0.5302045,4.1153313e-12,0.0,0.21561709,1.4875964e-10,0.0,0.08576012,1.7554037e-09,0.0,0.009468533,0.0,0.0,0.23743129,0.0,0.0
X1001000187.F4,0.4544722,6.2624e-08,1.2182103e-09,0.3455081,4.4883686e-06,1.7851796e-06,0.30001435,1.793183e-06,2.0368368e-06,0.009126789,3.079933e-05,0.0,0.0057201306,3.396719e-10,6.9035972e-09,0.1942476,7.054663e-09,3.5894485e-10
X1001000187.F9,0.5518836,0.0,0.0,0.447319,1.7167554e-09,0.0,0.324562,8.446553e-09,0.0,0.015744636,1.0011368e-07,0.0,0.007544485,0.0,0.0,0.22056317,2.4024203e-12,0.0
X1001000018.D10,0.44660443,1.3433964e-06,2.6701585e-08,0.36220497,0.00011912549,3.4577228e-05,0.23389816,2.7005804e-05,3.7889702e-05,0.014372985,0.0003425889,0.0,0.007333503,1.061419e-08,1.1920187e-07,0.1600641,1.5572523e-07,6.131542e-09
X1001000018.F11,0.015899617,0.0031018965,3.9929368e-05,0.022091458,0.09972939,0.04526514,0.027713977,0.025357675,0.052196287,0.0016877902,0.106419995,3.485886e-09,2.186947e-06,8.0764046e-05,0.0002798009,0.0060372343,0.0004256131,1.9337776e-05
X1001000028.D10,0.0056406087,0.011604827,0.00015691387,0.013241406,0.117094964,0.11753178,0.0020920306,0.031296536,0.1376803,0.00065022294,0.11993226,2.2338842e-08,2.0391446e-06,0.00045353489,0.0021856842,0.0031672604,0.0019714506,0.00023492699
X1001000232.E4,0.5268241,1.2896137e-10,0.0,0.42095318,1.315008e-08,0.0,0.32340196,9.351197e-08,0.0,0.009760444,3.1670962e-07,0.0,0.0070123207,0.0,0.0,0.22720242,-8.031258e-12,0.0
X1001000253.G6,0.55249393,1.8177488e-08,1.9929426e-10,0.41324762,3.2979387e-06,2.0247654e-07,0.28167763,1.7623657e-06,2.0663768e-07,0.026137717,1.3250569e-05,0.0,0.010707721,0.0,5.8356175e-10,0.17533517,3.2352439e-09,3.3057765e-11
X1001000253.H2,0.540414,0.0,0.0,0.4084601,1.0253796e-09,0.0,0.35263675,1.1850621e-08,0.0,0.009285824,1.346784e-07,0.0,0.0074917483,0.0,0.0,0.22056603,-1.0381359e-11,0.0
X1001000253.B11,0.58989716,1.4710165e-10,0.0,0.497078,7.65009e-09,0.0,0.3081877,1.6704027e-08,0.0,0.0155614475,1.9306581e-08,0.0,0.004395026,0.0,0.0,0.23094249,-9.822261e-12,0.0
X1001000253.E5,0.4507993,2.1975166e-06,2.8633266e-08,0.34851173,0.00022474291,4.1351926e-05,0.2474125,2.888565e-05,4.7409438e-05,0.018196335,0.0003971385,0.0,0.02220045,1.541358e-08,1.5877758e-07,0.14313078,7.9556605e-07,9.279051e-09
X1001000253.E12,0.53532463,0.0,0.0,0.3741798,6.816768e-10,0.0,0.37250057,5.0254925e-09,0.0,0.008879865,9.159981e-08,0.0,0.007719629,0.0,0.0,0.21218824,1.2783779e-11,0.0
X1001000253.G12,0.50960016,5.1697498e-08,9.1715846e-10,0.43552896,7.2089856e-06,9.851395e-07,0.2760839,2.187882e-06,1.0015677e-06,0.01273766,1.5933605e-05,0.0,0.0069700247,4.4762793e-10,2.7958114e-09,0.20501804,5.6686518e-09,1.1182438e-10
X1001000253.E9,0.5854201,0.0,0.0,0.5291451,4.169846e-10,0.0,0.27367797,2.5769276e-09,0.0,0.017030898,6.597574e-08,0.0,0.009283977,0.0,0.0,0.21682,6.3918896e-12,0.0
X1001000253.H5,0.400381,5.4043696e-08,1.1660481e-09,0.3152539,2.6452603e-06,1.6163802e-06,0.33568513,1.6467379e-06,1.8021836e-06,0.006453845,2.9285287e-05,0.0,0.014454288,3.396719e-10,5.7364735e-09,0.23180795,5.793669e-09,2.9282937e-10
X1001000253.H1,0.57583123,1.1521578e-08,1.8278155e-10,0.45051998,1.191402e-06,2.1693785e-07,0.3299616,3.113357e-07,2.5846862e-07,0.013802424,9.799961e-06,0.0,0.012194529,0.0,9.146951e-10,0.19324756,2.4570488e-09,2.7727834e-11
X1001000253.E4,0.33215785,8.06427e-05,1.0174159e-06,0.31388372,0.0020064663,0.0018833345,0.16139573,0.00023698468,0.0023285043,0.0044059865,0.0038844568,9.2849464e-11,0.0036652023,1.1048717e-06,9.953722e-06,0.13656342,6.042843e-06,7.523481e-07
X1001000253.D8,0.5565525,4.2051654e-11,0.0,0.4418914,2.892668e-09,0.0,0.34254986,1.0246188e-08,0.0,0.009587996,4.9308817e-08,0.0,0.0134703405,0.0,0.0,0.22087097,-2.8322358e-11,0.0
X1001000253.C10,0.46069515,5.4208454e-07,1.1230702e-08,0.36522326,4.2067433e-05,1.47151595e-05,0.27585647,1.0067201e-05,1.6079724e-05,0.010990747,0.00013800955,0.0,0.008510772,3.748308e-09,5.049265e-08,0.181741,6.4382995e-08,2.5338553e-09
X1001000253.C4,0.19146837,0.002217017,2.7218517e-05,0.20154007,0.06325549,0.03361682,0.031372383,0.01102436,0.038684063,0.002498275,0.068061225,2.3886502e-09,8.321728e-05,4.8882153e-05,0.00019018166,0.054254815,0.00028068715,1.3360882e-05
X1001000253.G1,0.42018098,6.1651395e-09,1.8278155e-10,0.32466638,6.4814407e-07,1.7561348e-07,0.3484597,5.7928935e-07,1.9348657e-07,0.004481893,1.088731e-05,0.0,0.011858913,0.0,5.8356175e-10,0.2246002,1.4316882e-09,3.3057765e-11
X1001000253.A8,0.46066886,1.0323497e-06,1.7692978e-08,0.3856999,3.9988827e-05,2.724721e-05,0.2349594,4.290687e-06,3.2023734e-05,0.014143335,0.00030327513,0.0,0.004206183,6.1580785e-09,1.179306e-07,0.16184187,8.711464e-08,6.2559287e-09
X1001000253.H4,0.48474267,2.0453427e-07,3.9691006e-09,0.4402389,7.9311985e-06,5.896798e-06,0.21842279,1.4875545e-06,6.9088032e-06,0.0153098535,3.4765246e-05,0.0,0.0048268624,1.5487119e-09,2.4209282e-08,0.18448079,1.0912771e-08,1.4004348e-09
X1001000253.D5,0.553789,5.914882e-11,0.0,0.42181557,5.0918936e-09,0.0,0.35571432,1.7004476e-08,0.0,0.007344363,4.066862e-08,0.0,0.012248224,0.0,0.0,0.22159791,-2.2626137e-12,0.0
X1001000253.C6,0.48411685,1.0120047e-10,0.0,0.3590947,1.3106041e-08,0.0,0.35207683,1.5712052e-07,0.0,0.027937783,9.932238e-07,0.0,0.023270994,0.0,0.0,0.2284267,-8.031258e-12,0.0
X1001000253.G7,0.5884562,1.208863e-10,0.0,0.43676263,3.1709316e-08,0.0,0.3364314,5.1278736e-08,0.0,0.02248501,4.3767471e-07,0.0,0.021178924,0.0,0.0,0.18855727,8.12571e-11,0.0
X1001000254.G7,0.5703716,4.2051654e-11,0.0,0.46778774,2.4949742e-09,0.0,0.32430267,8.557923e-09,0.0,0.011749146,2.1078318e-08,0.0,0.007544964,0.0,0.0,0.21975827,-2.0762718e-11,0.0
X1001000254.C11,0.41706547,1.5351097e-06,2.9503957e-08,0.35579148,4.9262868e-05,4.388087e-05,0.23263758,8.335406e-06,5.0837836e-05,0.00639791,0.0003070462,0.0,0.0038879868,9.693251e-09,1.7721898e-07,0.17235756,1.1058698e-07,1.0011551e-08
X1001000254.G10,0.571293,2.5533406e-10,0.0,0.42987287,2.5604121e-08,0.0,0.31139866,6.576011e-08,0.0,0.040645808,2.6224393e-07,0.0,0.023908133,0.0,0.0,0.18471372,2.4478568e-11,0.0
X1001000254.D10,0.5977668,4.2051654e-11,0.0,0.4428137,2.070157e-09,0.0,0.3759401,5.153855e-09,0.0,0.018539762,4.853003e-08,0.0,0.03477841,0.0,0.0,0.20530486,2.4024203e-12,0.0
X1001000254.E1,0.60089743,3.5209127e-10,0.0,0.41866428,5.432147e-08,0.0,0.3661811,8.218359e-08,0.0,0.022212133,3.2515206e-07,0.0,0.028623067,0.0,0.0,0.19070792,1.4726115e-10,0.0
X1001000254.A10,0.45185217,9.41402e-09,1.9929426e-10,0.32861403,6.720115e-07,2.779718e-07,0.34997803,4.077354e-07,3.1554515e-07,0.0075844163,8.191483e-06,0.0,0.012230055,0.0,9.664212e-10,0.2249937,1.2327775e-09,6.611553e-11
X1001000254.F4,0.4133227,1.2594768e-07,2.3743907e-09,0.28150553,6.543717e-06,3.4339225e-06,0.36915916,1.5086846e-06,3.9443826e-06,0.0040684612,6.0454433e-05,0.0,0.011236557,7.7435597e-10,1.3930786e-08,0.21805203,1.1862891e-08,7.5972606e-10
X1001000254.F12,0.45132732,3.184479e-08,6.0910516e-10,0.34545335,2.065773e-06,8.3367684e-07,0.33467287,8.300543e-07,9.592567e-07,0.008852188,2.1911286e-05,0.0,0.011140464,0.0,3.5238736e-09,0.2217884,3.1172367e-09,1.9438416e-10
X1001000254.F3,0.5564978,5.914882e-11,0.0,0.444233,5.365622e-09,0.0,0.32238734,3.156282e-08,0.0,0.017614622,2.4387185e-07,0.0,0.011104924,0.0,0.0,0.21708417,-2.2626137e-12,0.0
X1001000254.A5,0.58063734,0.0,0.0,0.5015189,8.046198e-10,0.0,0.3063783,4.1925152e-09,0.0,0.02128202,2.8272316e-08,0.0,0.010323284,0.0,0.0,0.22994375,-1.0381359e-11,0.0
X1001000254.G8,0.5924212,-2.1134696e-11,0.0,0.47350407,3.4720036e-09,0.0,0.3218293,6.8251285e-09,0.0,0.019593967,1.9582737e-08,0.0,0.01154112,0.0,0.0,0.21264887,-5.157222e-12,0.0
X1001000254.B5,0.5594064,1.0919511e-08,1.8278155e-10,0.4351473,1.8200938e-06,1.6493728e-07,0.3180325,6.8314904e-07,1.6942082e-07,0.015252973,3.8016647e-06,0.0,0.009483326,0.0,4.832106e-10,0.20601392,1.6743656e-10,3.3057765e-11
X1001000254.B8,0.205538,0.0014280239,1.7462798e-05,0.20740713,0.03117705,0.02576404,0.09150529,0.004398002,0.031286333,0.0019216571,0.04980836,1.7725352e-09,0.00029477366,2.0314777e-05,0.00016765084,0.07510215,0.00012432593,1.22401425e-05
X1001000254.D12,0.5389621,4.8653903e-10,0.0,0.38888055,2.736422e-08,0.0,0.38043016,8.8501494e-08,0.0,0.0065226573,3.1223973e-07,0.0,0.013844002,0.0,0.0,0.21902394,-2.1082042e-12,0.0
X1001000255.H1,0.22827354,0.0012454251,1.5993783e-05,0.21297505,0.05528685,0.02134339,0.055487685,0.011024013,0.024475278,0.0037821177,0.05459267,1.3589104e-09,0.00019027948,3.036829e-05,0.00010843796,0.05445358,0.00018435037,7.4525333e-06
X1001000255.G10,0.45686212,4.6916102e-07,8.042525e-09,0.43750438,1.7358198e-05,1.2967285e-05,0.17072333,2.1517899e-06,1.5564725e-05,0.00832655,9.452827e-05,0.0,0.0032820026,3.529434e-09,5.7035535e-08,0.15786445,2.7556002e-08,3.4187682e-09
X1001000255.B6,0.6271214,0.0,0.0,0.45132682,8.033087e-10,0.0,0.40082192,1.7327952e-09,0.0,0.013308054,8.144856e-09,0.0,0.013211899,0.0,0.0,0.22174954,1.2783779e-11,0.0
X1001000255.A1,0.4916671,8.774035e-08,1.5316111e-09,0.43297073,4.5927036e-06,2.417149e-06,0.22064607,1.039229e-06,2.920022e-06,0.01855043,2.5987381e-05,0.0,0.00800328,7.7435597e-10,1.06799e-08,0.17297637,5.2623963e-09,6.8194955e-10
X1001000255.D8,0.48062164,1.1509073e-08,1.9929426e-10,0.35176122,1.0999498e-06,2.6024588e-07,0.37633023,2.4655316e-07,3.09756e-07,0.02154977,9.403117e-06,0.0,0.0650873,0.0,1.2325141e-09,0.21144915,4.056964e-09,6.611553e-11
X1001000255.F7,0.5679336,1.5479503e-07,2.2391076e-09,0.4562085,2.7350918e-05,2.412116e-06,0.32971817,7.1567106e-06,2.4442813e-06,0.021647532,3.240023e-05,0.0,0.0060985438,9.90361e-10,6.7028947e-09,0.21565604,1.0057221e-08,2.8057828e-10
X1001000255.B8,0.53693575,2.0844641e-07,3.4573175e-09,0.4772655,3.2428678e-05,4.442978e-06,0.25218263,6.7955575e-06,4.89543e-06,0.01151135,0.00010044872,0.0,0.0051599275,1.5487119e-09,1.5863629e-08,0.187222,4.7558146e-08,7.868152e-10
X1001000255.B5,0.49327838,1.12484145e-07,1.982362e-09,0.4403143,8.467023e-06,2.9303521e-06,0.21707834,1.815832e-06,3.4004331e-06,0.009909157,5.7103527e-05,0.0,0.0028959424,7.7435597e-10,1.2104807e-08,0.17356431,2.2054337e-08,6.2749506e-10
X1001000255.H8,0.50642467,9.293785e-09,1.8278155e-10,0.4109122,4.7569688e-07,2.2084441e-07,0.2764865,1.13925765e-07,2.6383495e-07,0.019289378,1.1024419e-05,0.0,0.011769276,0.0,9.664212e-10,0.19119513,1.1827851e-09,2.7727834e-11
X1001000255.E5,0.514083,0.0,0.0,0.45293468,2.5387996e-09,0.0,0.30798495,4.9266234e-08,0.0,0.011163834,2.3337586e-07,0.0,0.0062211305,0.0,0.0,0.24074483,-7.97894e-12,0.0
X1001000255.G5,0.6190493,-2.1134696e-11,0.0,0.4621312,3.2373706e-09,0.0,0.38559613,3.4767453e-09,0.0,0.01615092,4.1170686e-08,0.0,0.020638684,0.0,0.0,0.21692824,5.224137e-12,0.0
X1001000255.C10,0.27900124,0.001047404,1.27458525e-05,0.2565366,0.037698362,0.017820839,0.07326205,0.0057210643,0.020521672,0.0050049936,0.040593,1.1394632e-09,0.00045426845,2.1818298e-05,8.939271e-05,0.07120091,0.00013640024,6.267119e-06
X1001000255.A2,0.5802735,4.2051654e-11,0.0,0.48272163,1.7264541e-09,0.0,0.3075094,3.4767453e-09,0.0,0.026028147,3.94533e-09,0.0,0.0075641233,0.0,0.0,0.23743248,-1.0381359e-11,0.0
X1001000255.E9,0.5134346,6.5194655e-08,1.1660481e-09,0.4385402,9.500133e-06,1.4297891e-06,0.2357947,3.5973308e-06,1.5063154e-06,0.018516354,3.7038084e-05,0.0,0.007980646,4.4762793e-10,4.438569e-09,0.16448987,1.3816246e-08,1.9902345e-10
X1001000255.E8,0.5882361,1.2896137e-10,0.0,0.5040942,1.9906805e-08,0.0,0.281726,4.1041947e-08,0.0,0.019810848,9.345314e-08,0.0,0.0065003084,0.0,0.0,0.21593189,2.3179734e-11,0.0
X1001000255.A4,0.4978287,6.225971e-07,1.1230702e-08,0.37372133,0.00010180404,1.3346384e-05,0.2556939,3.151147e-05,1.3998432e-05,0.024615569,0.00021811294,0.0,0.016498541,4.42469e-09,4.0344233e-08,0.14861882,1.1424084e-07,2.0079363e-09
X1001000255.E6,0.32780403,0.00013822585,1.6454776e-06,0.30764246,0.00365258,0.0029684408,0.15277918,0.00040700927,0.003619365,0.0044245035,0.0066646943,1.3083712e-10,0.0032320179,1.7492662e-06,1.5505197e-05,0.13049924,1.3284663e-05,1.1319868e-06
X1001000267.F5,0.34510607,0.00040837924,4.5417983e-06,0.35728148,0.008164528,0.008495341,0.08497387,0.001097339,0.010795304,0.0047306605,0.009490284,4.8960014e-10,0.0033077924,6.9254006e-06,5.3081018e-05,0.104640305,3.2203563e-05,4.487795e-06
X1001000267.C7,0.0021125684,0.0044055786,4.713514e-05,0.009253133,0.12777859,0.050572637,0.003336822,0.044160508,0.05792603,0.0045531476,0.12046121,4.144228e-09,6.05722e-07,0.00010240246,0.0003178242,0.0022068326,0.0007014669,2.1923424e-05
X1001000267.H11,0.09041795,0.002996765,2.2921902e-05,0.10826223,0.08847397,0.027768586,0.023838466,0.019194603,0.031272,0.00636987,0.09581947,1.8230746e-09,0.00014667769,5.035028e-05,0.00013841434,0.028844342,0.00077180646,9.001586e-06
X1001000267.E8,0.3825886,1.1699813e-06,2.2552245e-08,0.3572367,4.595631e-05,3.3041295e-05,0.19472612,1.0216741e-05,3.8104583e-05,0.0056595076,0.00031715367,0.0,0.0044874656,7.058868e-09,1.3271254e-07,0.16939569,9.964687e-08,7.342912e-09
X1001000267.H10,0.6018431,0.0,0.0,0.5368979,3.292265e-11,0.0,0.27967197,0.0,0.0,0.033748034,3.104138e-10,0.0,0.009552033,0.0,0.0,0.24265814,0.0,0.0
X1001000267.B4,0.32407683,0.00017696992,2.5362338e-06,0.306484,0.0054725236,0.004271074,0.143496,0.0006796967,0.0050306716,0.0043638223,0.008735224,2.7430905e-10,0.0028481844,2.10565e-06,2.011867e-05,0.12688303,1.8450435e-05,1.4522177e-06
X1001000267.A1,0.588425,0.0,0.0,0.5138855,1.975359e-10,0.0,0.29547212,4.499089e-10,0.0,0.022146298,6.552019e-09,0.0,0.010150892,0.0,0.0,0.2367146,0.0,0.0
X1001000267.G10,0.47872102,2.4082127e-08,3.8207582e-10,0.42001754,1.3833306e-06,6.6527065e-07,0.24859843,5.735184e-07,7.887512e-07,0.017459827,1.4952581e-05,0.0,0.006913022,0.0,2.7958114e-09,0.19657218,1.3097936e-09,1.6132641e-10
X1001000175.H9,0.0007393259,0.0023416495,0.001735877,0.002229008,0.049704313,0.21994117,0.000744928,0.009752959,0.24953957,0.0005382216,0.073347405,1.318204e-07,4.9699718e-08,2.9531118e-05,0.014301282,0.0006005193,0.00020025657,0.00054350856
X1001000186.D2,8.12635e-07,5.438569e-06,0.04508619,3.5321584e-06,0.00028636793,0.043953896,1.7367706e-06,0.0001298848,0.5702329,2.2317063e-06,0.0017128607,3.0174374e-06,0.0,5.2438086e-08,0.37855533,1.0589621e-06,4.885826e-07,0.096553825
X1001000186.E7,0.00026067256,0.0008536163,0.006943104,0.00079603423,0.022853283,0.26795256,0.000261033,0.003992769,0.38376117,0.00018788608,0.03537028,7.527761e-07,1.7368029e-08,1.0946571e-05,0.086713195,0.00021263692,7.6314085e-05,0.018661538
X1001000186.F1,1.8129508e-06,1.1809847e-05,0.035360802,7.455679e-06,0.00051532435,0.03543949,2.8425848e-06,0.00012391928,0.5637709,2.6819987e-06,0.0017079565,4.486516e-06,0.0,3.282936e-07,0.40761635,2.0981256e-06,8.179405e-07,0.09214455
X1001000186.E11,1.4185121e-05,7.415595e-05,0.033323906,5.1868272e-05,0.0023648134,0.17623901,1.6072085e-05,0.00035619547,0.5391641,1.1066079e-05,0.004839779,3.8109558e-06,6.85933e-10,1.9028626e-06,0.26367465,1.3758026e-05,5.4901384e-06,0.06276642
X1001000186.F5,5.094056e-05,0.0002501323,0.017221406,0.00018292146,0.0055380715,0.14907277,5.047347e-05,0.0007001596,0.48517948,2.765156e-05,0.00917361,2.0734703e-06,4.0470653e-09,4.40501e-06,0.26678422,4.722245e-05,1.668584e-05,0.051481813
X1001000186.D5,1.3446216e-06,9.769017e-06,0.02963386,6.075133e-06,0.00042103865,0.0674603,2.8101615e-06,0.000112418886,0.55994916,3.371848e-06,0.0018990018,3.4808031e-06,0.0,1.1740124e-07,0.3855103,1.8060334e-06,5.805611e-07,0.08579383
X1001000186.D3,5.5118224e-05,0.00027370232,0.017559044,0.00020043972,0.006698126,0.19186723,6.111563e-05,0.0008451231,0.4742169,4.0302803e-05,0.011932585,2.1742185e-06,2.7599811e-09,4.1776925e-06,0.21873933,5.2987023e-05,1.6920836e-05,0.038540144
X1001000187.G10,3.2179946e-06,1.9831597e-05,0.028664771,1.3172349e-05,0.00092800637,0.11464143,5.7990724e-06,0.00026577304,0.54798174,6.688794e-06,0.0031787057,3.5486312e-06,0.0,3.0970403e-07,0.32044753,3.83627e-06,1.5711387e-06,0.07478581
X1001000187.C7,4.385467e-06,2.785003e-05,0.024567988,1.8158977e-05,0.0011708263,0.17718554,8.148869e-06,0.00028169717,0.5343899,9.286455e-06,0.004691528,2.2701308e-06,0.0,3.5207336e-07,0.27552465,5.2971673e-06,2.1371438e-06,0.056357473
X1001000187.E4,2.9731227e-05,0.0001626254,0.01605608,0.00011095619,0.0049721114,0.038238525,3.702397e-05,0.00070459174,0.4918671,2.8392371e-05,0.009678042,2.6345635e-06,9.364512e-10,3.8423022e-06,0.3821591,2.9990519e-05,1.2810773e-05,0.05934339
X1001000187.F6,0.00012257011,0.0004746149,0.010820259,0.0003999431,0.011745789,0.26843417,0.00013162581,0.0018713342,0.4346994,9.108202e-05,0.022888092,1.0829705e-06,7.3928645e-09,5.545361e-06,0.124553345,0.00010656542,4.0974515e-05,0.024502581
X1001000187.G5,1.065727e-05,6.425593e-05,0.020542508,4.171641e-05,0.0018614279,0.15524864,1.4161369e-05,0.00023683865,0.518173,1.0768561e-05,0.00520337,2.1222777e-06,2.489178e-10,1.2690625e-06,0.2758551,1.1338043e-05,4.3966675e-06,0.0574191
X1001000187.A2,1.0310961e-06,7.034323e-06,0.03424811,4.498848e-06,0.00035235172,0.15119696,2.2204338e-06,0.00015904692,0.5633792,2.796286e-06,0.0021739071,3.4097438e-06,0.0,7.409617e-08,0.30511126,1.3472799e-06,6.4453934e-07,0.07285491
X1001000187.C6,0.00025464085,0.0008215809,0.00685036,0.0007721003,0.022065014,0.26761854,0.00025049417,0.003793622,0.38762417,0.00017719969,0.033586033,7.784708e-07,1.7827983e-08,1.058289e-05,0.10059385,0.00020562788,7.4390926e-05,0.020725768
X1001000187.E9,0.0001610906,0.00076227286,0.007959611,0.0005707483,0.014880168,0.22481847,0.00015888896,0.0020680127,0.41835397,8.8169065e-05,0.019799218,1.5370484e-06,1.3011572e-08,1.2816866e-05,0.14050446,0.00014785457,5.1742216e-05,0.028620439
X1001000187.H11,1.1172494e-06,8.269259e-06,0.037721194,5.0493604e-06,0.00034505816,0.06578207,2.3580517e-06,8.9511734e-05,0.56166667,2.749994e-06,0.0019507795,3.9070333e-06,0.0,9.534952e-08,0.39076582,1.4969362e-06,5.442162e-07,0.08284401
X1001000187.E12,0.00019828061,0.0008518365,0.0077904384,0.0006654625,0.01701544,0.30676913,0.00019792325,0.0022786018,0.39237362,0.0001112097,0.032104287,6.345802e-07,1.5781401e-08,1.2022876e-05,0.07883353,0.00017304264,6.761284e-05,0.0110977115
X1001000187.F10,0.0002642724,0.0008707794,0.012153814,0.0008083204,0.02218779,0.2446531,0.00025610047,0.003440102,0.39229244,0.00017502386,0.03032516,1.8462367e-06,1.8834065e-08,1.2043697e-05,0.11231294,0.00021454322,7.548147e-05,0.02055078
X1001000187.F3,0.00015541923,0.0005608725,0.009264367,0.0004949435,0.015188113,0.25110006,0.00016464357,0.0022885802,0.40967968,0.00012083451,0.026081443,9.883162e-07,8.388535e-09,6.967914e-06,0.119452655,0.00013282511,4.6329806e-05,0.019792017
X1001000249.H2,0.00013009521,0.0005762924,0.011378542,0.00044207237,0.011324992,0.18583,0.00012647413,0.0014547902,0.4383578,6.670824e-05,0.0193563,1.2713173e-06,1.0852396e-08,8.7015815e-06,0.21951705,0.00011407949,4.5391596e-05,0.035966426
Sample_4554_DH_3_ACGGGTCTCTCACCCA-1,0.005883774,0.011098683,0.00016384949,0.013785416,0.11404437,0.119837,0.002178894,0.030736208,0.14021887,0.0006719291,0.11644033,2.3149472e-08,2.1404157e-06,0.00046010083,0.0022842167,0.0033010454,0.0016937747,0.00024600676
Sample_4554_DH_3_AGGAAATAGCGCCCAT-1,0.00028920593,0.02883812,1.379439e-05,0.001041084,0.16084184,0.020996032,0.00031496226,0.07741737,0.02553288,0.00028599767,0.12420798,1.2914139e-09,1.8834065e-08,0.00034234294,0.00013049325,0.00026951788,0.002847785,9.395776e-06
Sample_4554_DH_3_AGGACGAGTGCCCGTA-1,3.5316145e-05,0.015090011,1.8188372e-06,0.00012224255,0.10383676,0.0034271302,4.0975672e-05,0.08160785,0.0042937594,3.4210978e-05,0.18927698,1.8569893e-10,1.8729025e-09,0.08862308,1.9405357e-05,3.2472522e-05,0.054217614,1.4831757e-06
Sample_4554_DH_3_ATCCATTTCGTTATCT-1,0.00034913927,0.050419293,1.6741467e-05,0.0011368422,0.13172011,0.024157407,0.00041836544,0.08349942,0.029113142,0.00029442387,0.12655832,1.510861e-09,2.6117773e-08,0.00040520367,0.00014919261,0.00030045208,0.0026538193,1.055963e-05
Sample_4554_DH_3_ATTCTTGTCGTAACCA-1,8.326717e-05,0.016725704,3.3538413e-06,0.00026014211,0.11501979,0.00608752,8.598432e-05,0.07533366,0.0074792346,6.2049025e-05,0.1952967,3.5028436e-10,5.6187073e-09,0.07859635,3.445244e-05,6.838763e-05,0.0473426,2.518454e-06
Sample_4554_DH_3_CACAACAGTTAAGAAC-1,0.00021744602,0.0019681863,8.077774e-06,0.0005995993,0.20454036,0.011164036,0.00031453586,0.11709973,0.012886176,0.0004499069,0.10552557,6.583417e-10,7.3928645e-09,0.00023374427,5.1937895e-05,0.00016974205,0.002600723,3.53075e-06
Sample_4554_DH_3_CATCGCTGTCTGCATA-1,0.00021315608,0.0021655709,7.124528e-06,0.0005655388,0.22812094,0.01029444,0.0002705867,0.12351302,0.012014148,0.00036858814,0.10728281,6.245934e-10,8.388535e-09,0.0008481896,4.9472463e-05,0.00015868843,0.00462099,3.4827808e-06
Sample_4554_DH_3_CGGGACTTCCATAGGT-1,0.00027886042,0.030391388,1.3670033e-05,0.0010083143,0.16812351,0.020532006,0.00031591597,0.021092467,0.024803124,0.00027414097,0.20241696,1.1816902e-09,1.9911072e-08,0.00016373128,0.00012498004,0.0002602654,0.004908006,8.791869e-06
Sample_4554_DH_3_CTCCCAAAGACATAAC-1,0.0008034124,0.02091185,3.5982098e-06,0.0012479769,0.20612553,0.0053370427,0.00038032857,0.078995645,0.006156989,0.00035101696,0.165509,3.0805736e-10,4.8697643e-08,0.006453231,2.3521301e-05,0.00031553535,0.012728419,1.5310336e-06
Sample_4554_DH_3_CTTTCGGCAAGTTTGC-1,5.00389e-05,0.08634317,2.5468723e-06,0.00015701349,0.14695859,0.0043875463,6.17628e-05,0.03584449,0.005209983,5.8977483e-05,0.24702883,2.1944724e-10,1.0870815e-09,0.0005659132,2.3940656e-05,4.2853426e-05,0.032149617,1.4434879e-06
Sample_4554_DH_3_GAAGGACGTTCGAGCC-1,1.1627573e-06,0.03623396,3.1940377e-08,3.1246502e-06,0.12562294,5.115332e-05,2.1510507e-06,0.11046451,6.0863884e-05,5.2210758e-06,0.19482242,0.0,0.0,0.08558404,2.2929633e-07,9.705444e-07,0.06778402,1.3192753e-08
Sample_4554_DH_3_GAGGCAATCGCCGATG-1,0.0019749012,0.004425116,5.0119932e-05,0.005207348,0.13055612,0.053536184,0.0021445611,0.04000444,0.061744984,0.0016757313,0.11879705,4.515626e-09,5.304065e-07,9.897957e-05,0.0003530613,0.0013719625,5.1442745e-05,2.4682877e-05
Sample_4554_DH_3_GAGTTTGCAGTGAGCA-1,0.0008069432,0.00082422793,9.622581e-06,0.001563901,0.20415595,0.012581384,0.00088256923,0.11370043,0.014073149,0.00079401355,0.11281605,7.8070017e-10,5.9135044e-08,0.00042565097,5.406598e-05,0.0003994864,0.0030020957,3.4157194e-06
Sample_4554_DH_3_GGCGTCAAGAGTGGCT-1,0.0071148803,0.0124360025,0.00013301028,0.016485624,0.11027155,0.11008823,0.0026172625,0.027875002,0.12929276,0.000782941,0.11873643,1.806627e-08,2.665716e-06,0.00031537673,0.0016929033,0.003970221,0.0014687455,0.00017301213
Sample_4554_DH_3_GGGTTTACAGAAATTG-1,0.004942803,0.01076499,0.00019130782,0.011661577,0.12103063,0.12840411,0.001829977,0.031289507,0.14735253,0.00057576934,0.11874351,2.7962457e-08,1.7658416e-06,0.0006888388,0.0027080646,0.002777698,0.0021927997,0.00031382818
Sample_4554_DH_3_GTACAGTTCTTGGTGA-1,0.0009151371,0.027402494,2.8589331e-05,0.0025376058,0.13295646,0.0361038,0.0009327846,0.04115998,0.042319596,0.00061415625,0.1668028,2.608097e-09,2.1275778e-07,0.000303424,0.0002200851,0.00066323817,0.0039844457,1.5615315e-05
Sample_4554_DH_3_GTCAGCGCATTGTGCA-1,0.0002519861,0.07769841,1.2345847e-05,0.00084483007,0.1249733,0.019598,0.00027419647,0.05185012,0.024019694,0.00016237132,0.18350835,1.2239172e-09,2.227734e-08,0.00064087403,0.00012460741,0.00021990639,0.023958687,9.2445025e-06
Sample_4554_DH_3_GTTGCTCAGGTAGGCT-1,0.0003774293,0.062377617,1.9017778e-05,0.00115723,0.10949288,0.025770899,0.00042119765,0.09839465,0.030200101,0.00033896253,0.09396608,1.6880812e-09,2.0805711e-08,0.0001699649,0.000144087,0.00031232115,0.0037790462,1.0129868e-05
Sample_4554_DH_3_TACGTCCAGGAACTAT-1,0.00011544459,0.14178371,6.3428824e-06,0.00039745908,0.05872412,0.01065944,0.000131618,0.11287272,0.013188284,9.940272e-05,0.12174711,5.908451e-10,5.2187015e-09,0.00034689726,6.192487e-05,0.00010610589,0.019731736,4.636931e-06
Sample_4554_DH_3_TCTTTGACAAGCAGGT-1,0.00078574434,0.015616454,2.5856312e-05,0.0028376903,0.14324291,0.032594983,0.0008725228,0.045909524,0.037674,0.001039294,0.14540133,2.1269757e-09,1.4099066e-07,0.00012687207,0.00018529987,0.00071167806,0.0020501397,1.2672927e-05
Sample_4554_DH_3_TGAGTCATCTTGATTC-1,0.0001148868,0.0050079897,4.204169e-06,0.00033836364,0.21666744,0.006148871,0.00018197567,0.1337384,0.00712349,0.00029138773,0.12019947,3.2917086e-10,3.6470595e-09,0.00078912737,2.850742e-05,9.4971736e-05,0.007999937,1.8923222e-06
Sample_4554_DH_3_TGCGACGGTAACTTCG-1,9.437548e-05,0.033685416,5.003153e-06,0.0003316584,0.19409677,0.008779552,0.00010696935,0.052794546,0.01096425,9.164796e-05,0.19472052,5.148698e-10,3.745805e-09,0.00018264342,5.2506246e-05,8.827941e-05,0.00977947,3.8673966e-06
Sample_4554_DH_2_AACAACCCACAAGTTC-1,7.8814934e-05,0.030662283,3.0842536e-06,0.0002471669,0.17940667,0.005618486,8.432099e-05,0.08546251,0.0070311376,7.794551e-05,0.16144519,3.5028436e-10,3.8497547e-09,0.015587145,3.2226377e-05,6.593388e-05,0.02356611,2.4886926e-06
Sample_4554_DH_2_AACACACGTATCGTGT-1,4.531986e-06,0.21578759,2.3503002e-07,1.4325206e-05,0.00062706694,0.00035137747,8.412673e-06,0.23149005,0.00041127426,1.4476538e-05,0.047187388,2.215253e-11,0.0,0.0060039973,1.4612901e-06,4.2960487e-06,0.052486725,8.551165e-08
Sample_4554_DH_2_AATCGACCACAAAGCG-1,0.000102884165,0.15975907,6.511328e-06,0.00037440725,0.03487076,0.0108930925,0.00012187476,0.11063251,0.013460363,8.498031e-05,0.117218286,6.794552e-10,4.8876947e-09,0.00022731212,6.314936e-05,9.951735e-05,0.023152405,4.7256517e-06
Sample_4554_DH_2_ACACGCGAGGTATAGT-1,0.0062809256,0.011467688,0.00013827629,0.014665058,0.11571247,0.11089633,0.0023270657,0.031686407,0.12925465,0.000714705,0.11841305,1.8927434e-08,2.3033515e-06,0.00048380785,0.0016936484,0.003519297,0.0016853955,0.00017846074
Sample_4554_DH_2_ACACGCGCAGCGTTGC-1,0.00057017343,0.015160602,3.1094027e-05,0.0019662657,0.14222912,0.038201902,0.00061322027,0.027339702,0.04455034,0.0005699104,0.15091723,2.7178209e-09,3.7157697e-08,0.0008926514,0.00023298725,0.0005154011,0.00083778135,1.6304608e-05
Sample_4554_DH_2_ACCAAACTCAAGAGTA-1,5.2774058e-06,0.028788865,1.1180901e-07,1.2830665e-05,0.22818354,0.00014710982,1.239532e-05,0.15128551,0.00016414432,2.8633114e-05,0.14775912,0.0,0.0,0.005360746,5.3933735e-07,3.861048e-06,0.02749963,2.8388342e-08
Sample_4554_DH_2_ACCGTTCAGTCTGCGC-1,2.9508878e-06,0.026495352,7.447354e-08,7.2916764e-06,0.22361319,0.00010271324,5.5976775e-06,0.13630426,0.00011653128,1.5366e-05,0.17738311,0.0,0.0,0.013189611,3.899329e-07,2.3053399e-06,0.04656812,2.1264649e-08
Sample_4554_DH_2_ACGCACGAGGACCCAA-1,1.7563305e-05,0.0098088905,4.5996373e-07,3.8339826e-05,0.20628251,0.00066294894,2.5952477e-05,0.10695886,0.0007273552,5.8645724e-05,0.18518944,2.7430905e-11,1.000015e-10,0.035707846,2.474918e-06,1.1650444e-05,0.03579947,1.481864e-07
Sample_4554_DH_2_ACTCCCAAGCGCATCC-1,7.998269e-05,0.012038104,3.0428423e-06,0.00023501868,0.21204084,0.0047016987,0.00011027941,0.10577742,0.0055220183,0.00015296612,0.15190719,2.7430905e-10,2.7599811e-09,0.009868059,2.1692062e-05,6.5285196e-05,0.018699987,1.4958208e-06
Sample_4554_DH_2_AGAAATGAGATTGACA-1,0.00020128772,0.08538261,1.0733544e-05,0.00069083873,0.12345399,0.017373083,0.00021601912,0.037254833,0.021340832,0.0001326446,0.18887793,1.0719665e-09,1.39084975e-08,0.00018485458,0.000108773194,0.00018100644,0.011049248,7.9964e-06
Sample_4554_DH_2_AGACCATCAGACACAG-1,3.7433645e-06,0.019956961,1.1391165e-07,1.014236e-05,0.20850268,0.00015517558,8.429908e-06,0.10373369,0.0001748979,2.3492128e-05,0.20475495,0.0,0.0,0.01731179,6.0809606e-07,3.3150234e-06,0.05034044,3.0615027e-08
Sample_4554_DH_2_AGGACTTAGAATACAC-1,9.914839e-05,0.020250693,4.6104597e-06,0.00034743047,0.20146674,0.007931128,0.000121224126,0.09428501,0.009823563,0.00013535058,0.14629847,4.6000798e-10,4.3316226e-09,0.00060256815,4.5515837e-05,9.335975e-05,0.008092555,3.37288e-06
Sample_4554_DH_2_AGGGCTCGTGTCTTGA-1,0.0118712075,0.007523697,0.00021505138,0.02221802,0.085604176,0.1292646,0.0051051555,0.025323913,0.14250296,0.002508835,0.11374149,2.4682937e-08,2.9124922e-06,3.7325426e-05,0.0016558905,0.0057381205,0.00094565004,0.00014718487
Sample_4554_DH_2_ATACTTCTCTGAATGC-1,8.042651e-06,0.012280554,1.629833e-07,2.0405012e-05,0.24531172,0.00019509986,2.1778467e-05,0.15466271,0.00021042225,5.975148e-05,0.13677806,0.0,0.0,0.0032438063,6.356542e-07,6.5023596e-06,0.026841393,3.0570888e-08
Sample_4554_DH_2_ATCACGAGTTATAGAG-1,0.00018461728,0.13430521,1.0783274e-05,0.00062407425,0.057684407,0.016358504,0.00021659682,0.053277742,0.01946057,0.00015116105,0.15897353,1.0086261e-09,9.665773e-09,0.0001467026,8.9486806e-05,0.00016690925,0.01893942,6.37065e-06
Sample_4554_DH_2_ATTCCCGGTTGCGAAG-1,0.000246617,0.082448974,1.2282504e-05,0.0008145546,0.0967948,0.019259404,0.00026748364,0.11951509,0.023604691,0.00018734964,0.103885025,1.1816902e-09,1.2417175e-08,0.00019096711,0.00011979512,0.00021622237,0.0070024524,8.708941e-06
Sample_4554_DH_2_CACAGATCACGACAAG-1,1.480907e-06,0.051950052,4.1303753e-08,3.9102497e-06,0.123118386,6.5371176e-05,2.6148075e-06,0.1420837,7.781767e-05,6.1252576e-06,0.17786337,0.0,0.0,0.07088175,2.8710133e-07,1.1984512e-06,0.05697335,1.7150134e-08
Sample_4554_DH_2_CAGCAATCATAGATGA-1,1.7912069e-05,0.011115454,9.861528e-07,6.0001476e-05,0.0825145,0.0018507263,2.287772e-05,0.082078494,0.0023061696,2.4408188e-05,0.19264214,1.0972362e-10,4.435393e-10,0.12670273,1.0402329e-05,1.6466754e-05,0.066001184,7.511046e-07
Sample_4554_DH_2_CAGTTCCAGAGACAAG-1,0.00020385809,0.13353539,1.1861294e-05,0.00068661675,0.054867733,0.017817039,0.00023534129,0.050186753,0.021187982,0.00016124231,0.16023172,1.1183496e-09,1.113867e-08,9.971373e-05,9.87719e-05,0.00018331336,0.01820424,7.054643e-06
Sample_4554_DH_2_CATCCACTCTCTCGAC-1,0.0066920877,0.011720572,0.00012533776,0.015570351,0.11289335,0.10687543,0.0024799537,0.031954948,0.12568969,0.0007582046,0.11737045,1.6901206e-08,2.4733154e-06,0.00030719372,0.0015894454,0.0037446977,0.0015086296,0.00016179621
Sample_4554_DH_2_CCACAAACAGCGGTTC-1,0.00012404076,0.004030362,4.595839e-06,0.00034538758,0.20636897,0.0065083182,0.00020863682,0.1303986,0.0074943695,0.00033253082,0.09873566,3.2917086e-10,2.7599811e-09,0.0002876863,2.9317609e-05,9.96122e-05,0.003812977,1.9081376e-06
Sample_4554_DH_2_CCCTCAATCAATCTCT-1,0.00021247796,8.92058e-05,1.0215204e-05,0.0006259302,0.20557483,0.014406298,0.00028942837,0.14770943,0.016893217,0.0003710083,0.08070746,9.537643e-10,8.9645065e-09,0.0003502505,7.56785e-05,0.00017442342,0.005788511,5.286119e-06
Sample_4554_DH_2_CCGCAAGTCGCGTGCA-1,1.6448773e-06,0.06864646,1.416407e-07,6.744575e-06,0.17252848,0.00022979412,3.732709e-06,0.06671443,0.0002756585,6.3024154e-06,0.23637225,0.0,0.0,0.016873317,1.117126e-06,2.006311e-06,0.04367275,6.008563e-08
Sample_4554_DH_2_CGGGCATTCCGAGAAG-1,2.2793742e-05,0.018437527,1.0363942e-06,7.014279e-05,0.08675132,0.0019877325,2.5254882e-05,0.0909487,0.0024801323,2.5959303e-05,0.19481777,1.2028037e-10,9.884262e-10,0.1431713,1.1681923e-05,1.8913022e-05,0.05657469,8.7680763e-07
Sample_4554_DH_2_CTACCTGCAGTCGGTC-1,9.824936e-05,0.116497636,5.2135933e-06,0.00033297276,0.090956666,0.00881429,0.00011170659,0.11492513,0.010866984,8.891135e-05,0.12155455,4.811215e-10,4.6328834e-09,0.001228412,4.9909857e-05,8.883608e-05,0.022483408,3.7339241e-06
Sample_4554_DH_2_CTCAGGGGTTTAGACC-1,9.2176095e-05,0.024463452,3.7431862e-06,0.00029111854,0.19027068,0.006634705,0.00010183879,0.08237551,0.008245051,8.4708925e-05,0.17222539,3.7139786e-10,6.0209984e-09,0.020565953,3.781558e-05,7.702339e-05,0.029230835,2.9161245e-06
Sample_4554_DH_2_CTCAGTCGTCTCGCGA-1,0.00015762958,0.008865505,7.331069e-06,0.00051548355,0.12545656,0.012893012,0.00015813153,0.06953616,0.016239947,0.00011330476,0.16376041,8.5251933e-10,1.113867e-08,0.06503007,8.339744e-05,0.0001353283,0.039991423,6.686706e-06
Sample_4554_DH_2_GACATCAAGAGTCAAT-1,2.7107808e-05,0.0015187114,9.90086e-07,6.556107e-05,0.20152791,0.0013194834,4.8596423e-05,0.12947349,0.0014239041,0.00010954018,0.12854852,5.486181e-11,2.0057427e-10,0.022876887,4.5510315e-06,2.006571e-05,0.030030992,2.7134664e-07
Sample_4554_DH_2_GAGGCCTCAAGAAACT-1,0.0044861683,0.0030594394,7.830248e-05,0.0075293723,0.15728083,0.075107224,0.0020219618,0.06809904,0.0832861,0.0015089042,0.113310605,8.761932e-09,5.982304e-07,0.0002132416,0.0005655597,0.0019179559,0.0006724786,4.5509216e-05
Sample_4554_DH_2_GAGGGATAGATTAGTG-1,0.0018742469,0.011236887,4.8317765e-05,0.004706696,0.12096432,0.051381715,0.001938275,0.042594813,0.058851454,0.0014937336,0.14342616,4.2539514e-09,5.0243506e-07,9.9049066e-05,0.00032347982,0.0012613039,7.532828e-05,2.2298023e-05
Sample_4554_DH_2_GATAGCTGTGGATGAC-1,4.85698e-06,0.02448465,1.7822406e-07,1.3421128e-05,0.10234011,0.00031214082,7.295282e-06,0.11166833,0.0003751067,1.4220589e-05,0.18853022,1.3715452e-11,0.0,0.10504563,1.5185261e-06,3.9962506e-06,0.060911693,9.791426e-08
Sample_4554_DH_2_GATTCTTGTATTGCCA-1,5.358539e-06,0.14926115,2.6789974e-07,1.6651731e-05,0.06838375,0.00041060592,9.301287e-06,0.22090554,0.0004848765,1.6071665e-05,0.052071024,2.215253e-11,0.0,0.017824743,1.7829784e-06,5.004542e-06,0.03638678,1.0217955e-07
Sample_4554_DH_2_GCGAGAAGTGAGCAGT-1,0.00028974193,0.07024294,1.467424e-05,0.0008905329,0.115911454,0.020469379,0.000362599,0.08037838,0.024304198,0.00036779325,0.12262984,1.2914139e-09,1.4290078e-08,7.4099815e-05,0.00011541982,0.0002435644,0.005119948,8.343028e-06
Sample_4554_DH_2_GGTGAAGTCTTAATCC-1,0.0009581871,0.0012285858,9.596663e-06,0.001937961,0.203404,0.012411935,0.0009752712,0.107267305,0.013842268,0.001182173,0.11792103,6.9209005e-10,7.967576e-08,0.00041486262,5.262335e-05,0.00054733135,0.0029381255,3.286855e-06
Sample_4554_DH_2_TACGCTCGTAACACCT-1,1.1282248e-05,0.012048021,2.4774636e-07,2.8164912e-05,0.18532954,0.0003586654,2.0839328e-05,0.118776545,0.00039479046,4.039686e-05,0.18778338,2.215253e-11,0.0,0.044437192,1.3664724e-06,8.410631e-06,0.042817578,6.63771e-08
Sample_4554_DH_2_TACGCTCGTATAGGGC-1,0.0001277434,0.05310528,3.875413e-06,0.00036495962,0.16043422,0.006588931,0.00012947228,0.07729569,0.007964191,0.00010213658,0.17141499,3.8403267e-10,1.5856335e-08,0.013146303,3.4583776e-05,9.642441e-05,0.02124413,2.4693236e-06
Sample_4554_DH_2_TCAAGTGCATCGGAGA-1,0.00023879387,0.025919624,1.1194107e-05,0.0008211922,0.18028511,0.017880669,0.0002540149,0.03828934,0.021936191,0.00021213226,0.18899642,1.0719665e-09,1.4082177e-08,8.749956e-05,0.000111894326,0.0002147675,0.00588935,8.121334e-06
Sample_4554_DH_2_TCATGCCAGGTCATAA-1,3.11382e-05,0.030877605,1.8220022e-06,0.00010690667,0.2101619,0.0033016342,4.0605293e-05,0.08891651,0.0041140183,4.9868468e-05,0.18288024,1.6458543e-10,4.435393e-10,0.0007277942,1.9503565e-05,2.9525163e-05,0.014677983,1.3414074e-06
Sample_4554_DH_2_TCATGCCGTGTTAAAG-1,0.0074392827,0.011924319,0.00013858237,0.017176166,0.1077998,0.11227095,0.0027232433,0.027728116,0.13169673,0.0008045178,0.11714417,1.9062426e-08,2.818808e-06,0.00026732648,0.0017676603,0.0041403444,0.0014279007,0.00018123572
Sample_4554_DH_2_TCATGTTTCGCACTCT-1,3.459198e-05,0.012467377,1.4397378e-06,9.242717e-05,0.23246777,0.002162194,5.2882213e-05,0.100062564,0.0024753623,0.00010009212,0.1795197,1.2659777e-10,4.435393e-10,0.0011349696,9.519495e-06,2.7261554e-05,0.020558836,5.974949e-07
Sample_4554_DH_2_TCGGGTGCAGGCTCTG-1,5.250404e-06,0.01107116,3.2307864e-07,1.7703325e-05,0.043867532,0.0005821228,8.573583e-06,0.080702186,0.00070997846,1.3031976e-05,0.19359764,2.7430905e-11,0.0,0.12948693,2.9637336e-06,5.1524817e-06,0.08180028,1.9360905e-07
Sample_4554_DH_2_TGAGGAGTCATCACCC-1,0.010782543,0.011503641,0.00012747974,0.021224054,0.110465765,0.10587731,0.004000852,0.024671597,0.11981333,0.0012061435,0.13939367,1.4250107e-08,3.175294e-06,0.00022280074,0.0013076282,0.0051986277,0.0017731381,0.000111638925
Sample_4554_DH_2_TTCATTGGTTGCATTG-1,0.00018236671,0.010019407,8.505226e-06,0.00059715327,0.123552404,0.014139436,0.0001857807,0.051301457,0.017375628,0.00012713605,0.18314548,8.862676e-10,1.2035596e-08,0.06534614,8.606299e-05,0.00015640093,0.035008065,6.3749653e-06
Sample_4554_DH_2_TTCTTGACACTCAGAT-1,0.0003725665,0.027836986,1.6892034e-05,0.0011942398,0.16337283,0.025609298,0.00037839092,0.06617586,0.03145287,0.00026706178,0.15919803,1.7725352e-09,2.297449e-08,0.00021564908,0.00017085379,0.00031621516,0.00014316372,1.2673394e-05
Sample_4554_DH_2_TTTACTGTCCACATAG-1,0.00023479728,0.036324874,1.0306298e-05,0.00076788774,0.15013795,0.01690995,0.00024952687,0.080040194,0.020894798,0.00018613432,0.13254106,1.0719665e-09,1.528575e-08,0.0008067632,0.00010654461,0.0002022087,0.0061717564,7.959631e-06
