,IMP_m,AMP_m,GMP_m,GDP_m,INO_m,GUO_m,IMP_g,AMP_g,GMP_g,GDP_g,INO_g,GUO_g
Sample_4554_DH_3_AAAGTGACAACCTATG-1,0.012495956,0.008896168,-0.025970994,0.002121091,0.018769367,0.030262772,-3.573703e-06,0.005365217,-0.00015507995,6.817964e-05,5.0178038e-05,0.0001073433
Sample_4554_DH_3_AACAGGGCAGCGTGAA-1,0.005336593,0.08775669,-0.039963547,0.047529787,0.059006296,0.028298866,4.032286e-09,-2.1264066e-08,-3.3624173e-10,2.2666546e-11,7.0763706e-10,3.3436798e-10
Sample_4554_DH_3_AACTTCTGTTACCTGA-1,0.049161226,-0.014164537,-0.025914324,0.012678154,0.029346453,0.045558833,3.1389107e-05,-1.8771172e-05,-1.0372895e-05,2.544961e-06,4.5651213e-06,8.32692e-06
Sample_4554_DH_3_AAGCCATCAAAGCAAT-1,-0.017194066,0.09689872,-0.03575651,0.06369339,0.026348844,0.010209583,8.241946e-09,-4.3016457e-10,-3.8404932e-11,3.8404932e-11,0.0,0.0
Sample_4554_DH_3_AAGTCGTCATAGCACT-1,0.015757022,-0.004128921,0.00901559,0.0026536789,0.0022975886,0.00594464,0.018391762,0.089333445,-0.007909368,0.0022914542,0.0019709833,0.008795411
Sample_4554_DH_3_ACACGCGCACAAGCCC-1,0.012113184,0.0070989695,0.0096325055,0.003523847,0.0037673265,0.0076152664,0.017153013,0.102319404,-0.010681391,0.003954598,0.0012473054,0.008281457
Sample_4554_DH_3_ACGGTTAAGCCATGCC-1,0.032858014,0.15845278,-0.021491341,0.066212356,0.013978098,0.016811885,5.1853775e-09,-3.515789e-09,-1.3801179e-09,9.642939e-10,1.061237e-09,-8.729034e-11
Sample_4554_DH_3_ACGTTCCGTTTCGGCG-1,0.0013068821,0.07024142,-0.05215279,0.05249192,0.049362965,0.028402396,6.2708627e-10,-1.6928696e-09,1.0530413e-11,1.9202466e-11,3.8266612e-13,-2.973288e-11
Sample_4554_DH_3_ACTGTCCGTATCCCAA-1,-0.06002051,0.08930169,-0.04036055,0.010665238,0.017620942,0.029962312,-3.8354796e-05,0.0047806674,-6.895745e-05,2.9953393e-05,1.7116641e-05,3.5788093e-05
Sample_4554_DH_3_AGCCACGTCAATCCGA-1,0.02172345,0.054646455,-0.03889568,0.03323096,0.056460254,0.023068117,-2.5267377e-07,1.6745327e-05,-3.3273872e-07,1.9141115e-07,1.0365741e-07,9.646311e-08
Sample_4554_DH_3_AGCCAGCCAACAAAGT-1,0.0072036935,0.075227976,-0.049542334,0.047368765,0.058454208,0.026014283,7.066956e-09,-4.9885735e-08,-1.2226347e-09,5.703483e-10,1.4907138e-09,7.293484e-10
Sample_4554_DH_3_AGCCAGCGTTACCCAA-1,0.018093672,0.052938715,-0.031088192,0.022647448,0.024489578,0.018922897,3.1858997e-07,-4.9052246e-06,-1.1682904e-07,5.659616e-08,2.0137686e-07,5.8830764e-08
Sample_4554_DH_3_AGGTGTTAGTCATACC-1,0.02948033,0.03327109,-0.052143358,0.046248324,0.048397057,0.019412998,1.0968809e-08,-1.4933264e-08,-4.467865e-10,1.7664166e-10,8.976294e-10,2.91293e-10
Sample_4554_DH_3_ATACTTCTCTGCTAGA-1,0.037817404,0.029969942,-0.03548015,0.01035269,0.032719776,0.02710519,5.42811e-06,0.00014129534,-6.320567e-06,2.9170124e-06,2.2284578e-06,3.6560239e-06
Sample_4554_DH_3_ATCCATTCAGGTGTTT-1,0.009762241,0.07366511,-0.03680903,0.009349115,0.019696087,0.021830441,-3.3679083e-07,6.405355e-06,-1.5555985e-07,8.6615884e-08,2.3530667e-08,3.101532e-08
Sample_4554_DH_3_ATCCCTGAGTTCCAGT-1,0.0690343,0.042667106,-0.041129373,0.018319674,0.042663272,0.037434183,-4.2878112e-10,1.4019341e-11,-3.5530884e-12,2.8094076e-11,-1.2191606e-10,-1.6077263e-10
Sample_4554_DH_3_ATCGGATAGCGGCTCT-1,-0.046047047,0.15511559,-0.06680917,0.03373374,0.040683612,0.040070355,3.6990468e-09,1.1906407e-08,-9.975928e-10,4.4240794e-10,7.805693e-10,1.4225293e-10
Sample_4554_DH_3_ATGCCTCGTTAGGGTG-1,0.015988687,0.07262965,-0.040050007,0.033272736,0.055948332,0.026940811,1.0050695e-07,-2.9409798e-06,-7.3410376e-08,3.5166106e-08,1.1845189e-07,3.7133113e-08
Sample_4554_DH_3_ATGGGAGCAAGCCTGC-1,0.038000926,0.032834128,-0.042766154,0.034958825,0.050853178,0.02764863,1.243466e-06,-6.634523e-07,-1.8084103e-07,1.178144e-07,1.02235994e-07,6.119549e-08
Sample_4554_DH_3_ATTACCTGTCGGTGAA-1,0.11549318,-0.06639729,0.012764087,-0.00022584945,0.017046763,0.027867988,4.3054286e-05,-5.9660844e-05,-1.6478636e-05,9.183216e-06,1.5564297e-05,7.406453e-06
Sample_4554_DH_3_CAACCTCGTTCTCGTC-1,0.09973075,0.012907762,0.0033641355,0.008687571,0.05583643,0.02840896,6.110046e-07,3.0847916e-06,-2.9322584e-07,1.15552915e-07,1.217466e-07,1.5019236e-07
Sample_4554_DH_3_CAACGGCCACAAATGA-1,0.017281825,0.08002922,-0.06039853,0.041119352,0.04142417,0.031837404,5.6048393e-09,-5.2024514e-09,-1.1190016e-09,1.0439467e-09,1.3435878e-09,-2.8904218e-10
Sample_4554_DH_3_CAATACGTCAAGTGTC-1,0.010726571,0.06340146,-0.051410995,0.04996877,0.048094936,0.032585904,2.61724e-09,-1.15994965e-08,-5.7751665e-11,2.2666546e-11,7.5398676e-10,5.5877913e-11
Sample_4554_DH_3_CACCGTTGTGATACAA-1,0.0110867,0.07676937,-0.05235779,0.05443403,0.04270888,0.030296966,1.5391368e-08,2.3477131e-09,-3.1055134e-09,2.103587e-09,3.0270269e-09,4.8282467e-10
Sample_4554_DH_3_CATACCCTCTGCGGAC-1,0.061438203,-0.027648252,-0.0142599335,-0.00708092,0.016105035,0.035782844,-1.8045648e-06,0.0023645186,-4.462143e-05,1.5989917e-05,1.39119375e-05,2.847463e-05
Sample_4554_DH_3_CATCCACCAAACTAGA-1,0.0044835303,0.07655161,-0.03789825,0.048382178,0.042269036,0.024506133,2.1980418e-07,7.5655685e-06,-4.848415e-07,3.549918e-07,3.8555723e-07,5.810591e-08
Sample_4554_DH_3_CATGCCTGTGGTCTAT-1,0.04912386,0.0033405125,-0.04256449,0.0312282,0.046941802,0.021802854,3.6279147e-08,-3.6203164e-06,-1.2913826e-07,5.938175e-08,1.722709e-07,6.80852e-08
Sample_4554_DH_3_CCATAAGTCCATTGTT-1,-0.016214328,0.10153571,-0.04398569,0.0008288026,0.017157182,0.016433734,-9.166527e-09,7.8049595e-07,-4.0591388e-08,2.4090836e-08,2.1855435e-08,8.8036405e-09
Sample_4554_DH_3_CCTATCGAGAGGGTAA-1,0.028393423,0.039144695,-0.057667963,0.046215095,0.043779843,0.028203126,0.0,0.0,0.0,0.0,0.0,0.0
Sample_4554_DH_3_CCTCATGCATTGCAAC-1,0.022407753,0.063384324,-0.045868896,0.034350865,0.03686983,0.026903681,1.853156e-08,-3.1973347e-08,-9.898109e-10,6.7095596e-10,1.5937431e-09,2.3391594e-10
Sample_4554_DH_3_CCTCTAGGTGCGTGCT-1,-0.025329553,0.07644943,-0.025515728,0.0058338046,0.023841789,0.018518222,1.1069799e-06,6.6609205e-06,-4.3006094e-07,1.5450605e-07,1.7078224e-07,2.405228e-07
Sample_4554_DH_3_CCTCTCCGTTAGCGGA-1,0.010104768,0.096183725,0.018916056,0.04153104,0.019041639,0.012784859,3.4122365e-08,-2.0729722e-08,-1.40959635e-08,7.3045414e-09,1.2294986e-08,4.759101e-09
Sample_4554_DH_3_CGAGAAGCATGGCGCT-1,-0.007986088,0.08708137,-0.039811086,0.053898104,0.039356694,0.030364268,0.0,-1.597668e-11,0.0,0.0,0.0,0.0
Sample_4554_DH_3_CGCCAGAAGTGGAATT-1,0.036389884,-0.019060368,-0.0069265766,0.0075590685,0.013866269,0.02628672,0.0018112289,0.049286306,-0.0014206597,0.00042132422,0.00018464966,0.0011496937
Sample_4554_DH_3_CGGGACTAGTGCACTT-1,-0.0048889006,0.1066454,-0.06084852,0.043789715,0.04326156,0.037704896,9.89703e-09,-7.1888536e-08,-1.4047615e-09,1.1952496e-09,4.365659e-09,5.5181082e-11
Sample_4554_DH_3_CGTGTCTCAACCACGC-1,0.0379055,0.018086165,-0.05241637,0.03948264,0.041295633,0.025839932,1.0397108e-07,-3.3142052e-07,-8.639783e-09,5.290044e-09,1.6897289e-08,3.3313614e-09
Sample_4554_DH_3_CTCCACAGTACCAGAG-1,0.05269012,-0.0029583871,-0.042958707,0.02890268,0.06591641,0.018774051,-2.3417167e-07,4.273379e-06,-6.2081426e-08,2.7515535e-08,-3.0352346e-08,1.2668327e-08
Sample_4554_DH_3_CTGTAGACATCCGTTC-1,0.071873575,0.013004519,-0.032440428,0.009290256,0.035213053,0.039544594,6.9106335e-07,-7.637602e-06,-6.279227e-08,4.9779338e-08,2.744037e-07,2.1707613e-08
Sample_4554_DH_3_CTGTATTTCTGCTCTG-1,0.018634561,0.0632375,-0.04739612,0.038332433,0.055405088,0.02963773,1.08570655e-08,-2.4508534e-08,-4.898615e-10,1.762863e-10,2.177248e-09,3.3436798e-10
Sample_4554_DH_3_CTTCCGAAGTGATGGC-1,-0.0030681696,0.12909353,0.0012838449,0.06627556,0.04958184,0.02794671,0.0,-1.597668e-11,0.0,0.0,0.0,0.0
Sample_4554_DH_3_CTTGAGAGTTCTCGTC-1,0.016238473,0.091674246,-0.049345545,0.015925683,0.0521759,0.025587393,4.8731195e-08,-3.3299477e-07,-1.1271517e-08,6.6296155e-09,1.1250484e-08,5.464312e-09
Sample_4554_DH_3_CTTTCGGCAGCTGTAT-1,0.024017656,0.03768626,-0.04220023,0.03722219,0.036340717,0.029493164,1.5903147e-06,5.3493e-07,-5.684988e-07,1.4408033e-07,2.2253714e-07,4.485794e-07
Sample_4554_DH_3_GAACACTCAGTCGTTA-1,-0.03088789,0.15108283,-0.054427695,0.0523395,0.06450452,0.03739499,-1.5801617e-11,4.6248266e-10,1.0530413e-11,8.450707e-12,0.0,-2.973288e-11
Sample_4554_DH_3_GACGTTAGTCTGCAAT-1,0.0947231,-0.019906446,-0.028836349,0.030119672,0.023378205,0.024787836,6.139233e-06,-4.8817798e-05,-3.5544638e-06,2.6822188e-06,4.207066e-06,7.409987e-07
Sample_4554_DH_3_GATCGTATCCAAATGC-1,0.021415092,0.035153344,-0.047264725,0.04286267,0.04482495,0.021525238,6.2365685e-10,-7.485866e-09,-1.3138808e-10,3.7468053e-11,1.0948806e-09,9.3920025e-11
Sample_4554_DH_3_GCACTAAGTTCAGCGC-1,0.013291713,0.05350315,-0.041801047,0.03704667,0.03966425,0.02571845,2.8350343e-07,-5.9787776e-06,-1.9919057e-07,1.13017634e-07,3.3345583e-07,8.1582556e-08
Sample_4554_DH_3_GCATCGGTCTGTACAG-1,0.056389134,0.024388231,-0.03070468,0.019562952,0.038235083,0.032105483,4.55513e-07,-1.5659135e-06,-5.0290527e-08,2.3548019e-08,7.913841e-08,2.7331991e-08
Sample_4554_DH_3_GCATCTCAGACATAGT-1,-0.0018618733,0.06690471,-0.0453904,0.041158684,0.03629958,0.025069058,-1.7826392e-06,0.0002310349,-3.6490173e-06,2.0147172e-06,6.4313696e-07,1.513196e-06
Sample_4554_DH_3_GCCAGTGAGATGAAGG-1,0.14557184,-0.060106605,-0.010657683,0.02243594,0.025727227,0.025429081,5.37715e-07,-2.5113636e-06,-7.257743e-08,3.568148e-08,1.1637372e-07,3.8212985e-08
Sample_4554_DH_3_GCTTGGGGTCACTACA-1,-0.0021300027,0.08823473,-0.038658373,0.056498706,0.048880763,0.030777369,7.457782e-09,-7.232808e-09,-7.0953016e-10,5.0266874e-10,2.8159888e-10,-3.4334202e-12
Sample_4554_DH_3_GCTTTCGTCGTGGTAT-1,0.040517908,0.030456305,-0.041586068,0.030409284,0.028310362,0.020057581,1.12216824e-07,-4.7216045e-06,-9.858052e-08,2.9374176e-08,1.5374815e-07,7.239085e-08
Sample_4554_DH_3_GGAACCCTCGGACAAG-1,0.018844547,0.052123375,-0.04613091,0.05454442,0.041319802,0.02809158,1.6959757e-07,-1.3302539e-06,-2.5481197e-07,1.5863276e-07,1.5498229e-07,9.181035e-08
Sample_4554_DH_3_GGCTTGGGTAGATCCT-1,-0.013667002,0.051289424,-0.05000426,0.025514156,0.027880348,0.036154404,8.3785535e-06,6.760555e-06,-3.0356605e-06,9.18831e-07,1.5595039e-06,2.2616553e-06
Sample_4554_DH_3_GTAGTACCATGACGAG-1,-0.012794412,0.07656125,-0.0455622,0.04726343,0.037049927,0.019690473,6.3760965e-08,-4.3147984e-06,-1.0141802e-07,3.2613325e-08,1.3421402e-07,7.233221e-08
Sample_4554_DH_3_GTCAGCGAGCAACAAT-1,0.029521009,0.032213375,-0.052930456,0.05006314,0.035688862,0.025669958,5.6190586e-09,-6.6829764e-09,-1.10901316e-10,3.8404932e-11,1.2512746e-10,7.2496384e-11
Sample_4554_DH_3_GTCTCACGTGAAGCTG-1,0.043773815,0.04877832,-0.04027883,0.010533072,0.038712703,0.030594448,5.9508676e-07,-4.522952e-06,-1.2235658e-07,5.1192423e-08,1.4424674e-07,7.902328e-08
Sample_4554_DH_3_GTGCAGCAGCGTGCCT-1,0.033561267,0.06611968,-0.041424684,0.044232577,0.04954417,0.031063713,-3.360411e-08,1.2358726e-06,-2.7557043e-08,1.774675e-08,1.1817717e-08,2.4853257e-09
Sample_4554_DH_3_GTGTTCCGTCCGGTCA-1,0.033697713,0.07553695,-0.056041095,0.055871263,0.052790903,0.030565312,3.8179966e-09,-6.6779533e-09,-2.5073632e-10,2.4184837e-10,6.1203304e-10,-1.0655092e-10
Sample_4554_DH_3_TACGGGCTCGGTAACT-1,0.05750653,-0.028748859,-0.011238829,0.0010594502,0.022562444,0.042302564,5.255421e-05,0.0003808394,-2.5997433e-05,6.8328836e-06,8.352558e-06,2.0339128e-05
Sample_4554_DH_3_TAGACTGGTCCGTACG-1,-0.022799592,0.07898764,-0.052310813,0.045776777,0.038542747,0.03170319,1.2777157e-07,-1.6523724e-07,-1.6576145e-08,9.3861665e-09,1.6068677e-08,6.944572e-09
Sample_4554_DH_3_TCAGCCTAGTCTAGAA-1,0.015635459,0.07116992,-0.061850894,0.021284245,0.03976951,0.0406231,2.3147007e-07,-2.4351236e-06,-1.4840466e-08,1.3569785e-08,8.068649e-08,3.5977479e-09
Sample_4554_DH_3_TCCTCTTGTTTCGACA-1,0.0133232055,0.08304938,0.019788612,0.040210538,0.012005802,0.017252415,-2.2877215e-05,0.0023692013,-3.1171527e-05,1.4422983e-05,6.274833e-06,1.5661266e-05
Sample_4554_DH_3_TCGGATAAGGGCAGGA-1,0.010213441,0.034095466,-0.052019008,0.034103125,0.03908085,0.033721425,1.4810392e-06,9.772649e-07,-5.605186e-07,1.3982246e-07,2.1697224e-07,4.44608e-07
Sample_4554_DH_3_TCGGATACATGTGACT-1,-0.0035389108,0.098510996,-0.060664807,0.04331108,0.054250248,0.039032266,1.7939483e-09,-9.721851e-09,-7.230298e-11,1.3292575e-11,1.5724141e-10,-5.642843e-11
Sample_4554_DH_3_TCGGGTGCATAGGAGC-1,0.12781662,-0.07474178,0.048582252,0.002329439,0.012795008,0.017914923,-0.0002537885,0.030882712,-0.0008578305,0.00053030986,0.0002038209,0.0003508272
Sample_4554_DH_3_TCTCTGGTCGGTGAAG-1,-0.0010745474,0.09846817,-0.031504463,0.05971632,0.044519313,0.030528426,1.3174695e-09,-2.6599751e-09,-1.8734026e-11,1.8734026e-11,2.1599983e-10,0.0
Sample_4554_DH_3_TGATCAGAGTTTCTTC-1,-0.0031346239,0.07463637,-0.013555615,0.024056159,0.0184015,0.012624735,-1.2312146e-05,0.0013266032,-1.8479555e-05,7.2953358e-06,3.856362e-06,1.047089e-05
Sample_4554_DH_3_TGCGACGAGATGCCGA-1,0.0061751464,0.09279815,-0.05901824,0.032302305,0.050420742,0.036612898,2.4074787e-09,-2.8466673e-08,-1.8054548e-10,1.13067194e-10,1.6716217e-09,-1.6126156e-11
Sample_4554_DH_3_TGCGATAAGTTACGGG-1,-0.011541704,0.09644469,-0.06539132,0.0055955797,0.038337838,0.03454517,4.5747072e-07,-5.566496e-06,-3.375083e-08,3.4024776e-08,1.7290763e-07,6.4996164e-09
Sample_4554_DH_3_TGCGGCACAACAGCTT-1,0.050229214,-0.0018199347,-0.00018407486,0.015270449,0.014592592,0.015907738,-0.00029345535,0.010695799,-0.00010521854,4.540947e-05,1.8359355e-05,5.898661e-05
Sample_4554_DH_3_TGCGGCAGTATGCAAA-1,-0.004246971,0.12291524,-0.0030877902,0.0649608,0.047127135,0.02935664,0.0,0.0,0.0,0.0,0.0,0.0
Sample_4554_DH_3_TGCTTGCTCGCATGAT-1,0.041769974,0.009030953,-0.042662077,0.022892363,0.05443059,0.026459318,5.328727e-08,-1.5941733e-07,-2.8718103e-09,1.188445e-09,6.068957e-09,1.9240787e-09
Sample_4554_DH_3_TGGGCTGCATAGCTGT-1,0.0012239846,0.07271917,-0.037168425,0.028449088,0.043563765,0.020147324,-2.369757e-06,0.00024546718,-4.761265e-06,2.8632367e-06,1.1507929e-06,1.6904044e-06
Sample_4554_DH_3_TGTTACTTCCGATCTC-1,0.15689206,-0.023684435,0.042202573,-0.0033363923,0.054479588,0.030668162,4.835829e-07,-1.9152267e-06,-5.396845e-08,1.8435323e-08,8.6572854e-08,3.7039275e-08
Sample_4554_DH_3_TGTTCATGTGGTACAG-1,0.057960045,-0.0066878498,-0.042855155,0.012648538,0.047431476,0.028012343,7.041881e-09,-5.680616e-08,-4.1024095e-10,1.3896209e-10,3.8697423e-09,3.3436798e-10
Sample_4554_DH_3_TTAGGGTAGGAACTCG-1,-0.014368372,0.10746203,-0.058017276,0.02646415,0.028308727,0.033632435,3.9433758e-07,-4.2193174e-06,-5.1761653e-08,4.362242e-08,1.7911947e-07,1.0647274e-08
Sample_4554_DH_3_TTGGGTACACATACGT-1,-0.0021783886,0.11972672,-0.025230575,0.061967403,0.05496805,0.028304,-2.9684566e-12,-6.8258227e-10,0.0,0.0,1.3067741e-10,0.0
Sample_4554_DH_3_TTTACTGAGGGAGGTG-1,0.00019344641,0.090609245,-0.03977345,0.038156457,0.056613036,0.024394132,1.2616574e-12,6.853152e-08,-1.5043538e-09,1.2717285e-09,1.1338204e-09,-7.3022055e-10
Sample_4554_DH_2_AAACGCTCAGCGATTT-1,-0.030614257,0.08224238,-0.05364573,0.01754947,0.023933988,0.03357057,-1.5675923e-06,0.00023626076,-4.049199e-06,1.6813286e-06,1.6574209e-06,2.3137093e-06
Sample_4554_DH_2_AAAGGGCGTGAGGCAT-1,0.097393714,-0.050287753,0.024238026,-0.005849056,0.010753824,0.025286984,-0.00028368575,0.015947832,-0.00029705162,0.00013992339,0.000119863565,0.0001612482
Sample_4554_DH_2_AAAGTGAAGCCGTCGT-1,0.040947154,0.0797689,0.0061881244,0.050022423,0.056540936,0.03743323,2.9061193e-08,-9.2185346e-08,-2.2737772e-09,1.3480037e-09,3.8891232e-09,1.0973543e-09
Sample_4554_DH_2_AAGAACACATTGGATC-1,0.110652335,-0.0050327666,0.002089745,0.012640677,0.06371085,0.020747479,6.5366055e-07,-1.1442039e-05,-5.454099e-07,3.1466453e-07,3.790318e-07,2.3859286e-07
Sample_4554_DH_2_AAGCGTTCAATCAGCT-1,0.05444129,0.055768766,-0.04450919,0.011684094,0.049311936,0.032697946,5.5812798e-08,-3.7443164e-07,-7.976334e-09,3.1035317e-09,1.1355175e-08,5.3687907e-09
Sample_4554_DH_2_ACAAGCTGTTGGGACA-1,-0.018240884,0.04262323,-0.04566446,0.016207486,0.024353664,0.02269619,-6.279407e-05,0.0050770547,-8.415629e-05,3.7916798e-05,3.0268817e-05,4.291242e-05
Sample_4554_DH_2_ACCAAACCATCAGTCA-1,-0.023629323,0.09904155,-0.04676658,0.051873162,0.047433063,0.02736532,0.0,-5.9481226e-10,0.0,0.0,7.082876e-11,0.0
Sample_4554_DH_2_ACCCTTGAGTAGAGTT-1,0.023030186,0.055147797,-0.018433364,0.05098767,0.035265826,0.017257567,1.0436083e-06,-1.0788503e-06,-6.1627496e-08,5.3791368e-08,3.9149384e-08,6.7247146e-09
Sample_4554_DH_2_ACGGTTATCCGGTAAT-1,0.0019881157,0.10701901,-0.0088318465,0.044583663,0.062074594,0.031610105,0.0,-5.3330094e-11,0.0,0.0,0.0,0.0
Sample_4554_DH_2_ACGTAGTTCGAACGCC-1,-0.048835505,0.15985574,-0.08188619,0.02046831,0.035880778,0.033345103,4.216941e-09,-3.350137e-08,-3.1741637e-10,9.947641e-11,2.1826795e-10,2.3873276e-10
Sample_4554_DH_2_ACTACGAAGCAGGTCA-1,0.053346068,0.03849043,-0.032665566,0.008874901,0.05549582,0.037198864,5.0345096e-07,-4.731688e-06,-9.9969554e-08,5.431612e-08,1.3458572e-07,5.316301e-08
Sample_4554_DH_2_ACTATTCCAACTTGGT-1,-0.042746305,0.061041676,-0.016959786,0.0039221384,0.010324013,0.019362379,0.00015084347,0.05449971,-0.001390951,0.00071297033,0.00021474395,0.00074479607
Sample_4554_DH_2_ACTTCGCGTACAAGCG-1,0.039774455,0.075368665,-0.037390172,-0.00045707077,0.04544706,0.02676491,8.39238e-08,-5.470273e-07,-9.290877e-09,3.7198093e-09,1.7215825e-08,6.1565917e-09
Sample_4554_DH_2_ACTTCGCGTCAATCTG-1,0.003185825,0.032185145,0.0041361586,-0.0045729205,0.009605247,0.03032811,-0.00032295485,0.019403534,-0.0002576842,0.00010769465,5.4683238e-05,0.00015224177
Sample_4554_DH_2_AGACACTGTCGCACGT-1,0.051701427,0.12399233,0.017513363,0.07080564,0.035614297,0.025184281,5.667142e-09,-3.2725742e-10,-1.9202466e-11,1.9202466e-11,0.0,0.0
Sample_4554_DH_2_AGAGAGCAGATGTTGA-1,0.011671105,0.07942092,-0.057390667,0.037662372,0.042735554,0.038475156,7.615751e-09,-1.6515653e-08,-1.1740371e-09,4.620376e-10,6.854253e-10,6.393984e-10
Sample_4554_DH_2_AGATGAATCCTGATAG-1,0.013231371,0.03832364,-0.03395023,0.0148490295,0.07202591,0.03174126,9.0524344e-07,-1.3148776e-06,-1.4936458e-07,5.3299647e-08,1.3451258e-07,9.517063e-08
Sample_4554_DH_2_AGCCAGCTCATGCGGC-1,0.057907574,-0.005745152,0.043796297,0.0009994619,0.0054780655,0.010408904,-0.0006017091,0.06799481,-0.0016825384,0.000965156,0.00027751646,0.0008025847
Sample_4554_DH_2_AGCGATTCAGGACTAG-1,-0.049657498,0.119785234,-0.05862083,0.052549526,0.040048137,0.029792972,4.0387835e-08,-1.8279277e-07,-9.030217e-09,6.5934973e-09,1.4319637e-08,5.839036e-10
Sample_4554_DH_2_AGCGATTGTGGAATGC-1,0.008403063,0.051807523,-0.058555983,0.038495228,0.0507503,0.038644396,3.4733036e-09,1.3227869e-09,-4.2426024e-10,8.445658e-11,-5.5808927e-11,2.7662422e-10
Sample_4554_DH_2_AGCGTCGAGAGTCTTC-1,-0.041675657,0.11118798,-0.039628983,0.060625583,0.043813005,0.030505493,0.0,0.0,0.0,0.0,0.0,0.0
Sample_4554_DH_2_AGGCTGCTCCTACACC-1,-0.07083718,0.18647403,-0.054355986,0.031196348,0.07310339,0.040799122,0.0,-2.619138e-10,0.0,0.0,0.0,0.0
Sample_4554_DH_2_AGGCTGCTCTATACGG-1,-0.033354398,0.084785834,-0.07089545,0.035362564,0.028954841,0.035011098,2.0518458e-07,-1.6222707e-06,-5.2062177e-08,3.183089e-08,6.727215e-08,2.2539522e-08
Sample_4554_DH_2_AGGGCCTCAAATTGCC-1,-0.003261041,0.076996945,-0.047880124,0.026089512,0.049287576,0.03220673,4.1538513e-07,-2.0122145e-06,-8.241176e-08,4.9180255e-08,1.0678633e-07,3.5170807e-08
Sample_4554_DH_2_AGTCATGAGACATCCT-1,0.1597025,-0.06456596,0.01548379,0.0028737858,0.020100525,0.024318174,1.6853222e-06,-2.2011762e-05,-7.671784e-07,4.6510038e-07,8.7772656e-07,3.2032315e-07
Sample_4554_DH_2_AGTCATGAGGTCATCT-1,0.055097997,0.009192482,-0.012353888,0.010074042,0.018975032,0.021064572,-9.331197e-06,0.00025479178,-1.744038e-06,8.3145966e-07,3.7625114e-07,8.1180235e-07
Sample_4554_DH_2_AGTTAGCAGAGTCAGC-1,0.0024596518,0.06356535,-0.040365405,0.06227283,0.036590584,0.029353451,1.2138769e-08,-2.3596229e-08,-9.760951e-10,1.4675933e-10,7.119431e-10,8.608803e-10
Sample_4554_DH_2_AGTTAGCGTGATACAA-1,-0.0022261827,0.16641533,0.011327991,0.07162417,0.034753114,0.023002267,-1.4842283e-12,-1.44924515e-11,0.0,0.0,0.0,0.0
Sample_4554_DH_2_AGTTCGACAGACCTGC-1,0.06340838,-0.016110271,-0.027412608,-0.0039464757,0.028860297,0.038302835,2.4271844e-06,-3.3097247e-05,-4.888949e-07,3.3915813e-07,1.2761278e-06,1.8087341e-07
Sample_4554_DH_2_ATAGACCCATACAGAA-1,0.0747437,-0.031230286,0.008387701,8.265674e-05,0.016628357,0.029169094,0.0001440434,0.013006645,-0.0002501593,7.913534e-05,5.7484343e-05,0.00018052416
Sample_4554_DH_2_ATATCCTAGAGTGTTA-1,-0.06313555,0.14657465,-0.08940759,0.023212314,0.0342493,0.037440903,3.095357e-08,-1.1983734e-07,-1.752532e-09,1.1137229e-09,7.3753674e-09,6.7996153e-10
Sample_4554_DH_2_ATCCGTCCAGGACTTT-1,0.016386442,0.03548884,-0.048187077,0.032389656,0.03436732,0.018838547,-7.06174e-06,0.0023148113,-2.6218284e-05,8.273552e-06,3.2045264e-06,1.7166542e-05
Sample_4554_DH_2_ATCGTCCTCTCGACCT-1,0.061021663,0.013745971,-0.029327035,0.012196921,0.040061552,0.035474636,2.7062752e-06,-1.1910138e-05,-7.763613e-07,2.5112948e-07,5.536018e-07,5.72594e-07
Sample_4554_DH_2_ATGACCATCACTCTTA-1,0.0123275425,0.09001738,0.020910794,0.0362259,0.00090359803,0.0039801504,5.1951827e-07,-4.1172248e-06,-3.4818692e-07,2.1172139e-07,4.3795822e-07,9.333857e-08
Sample_4554_DH_2_ATGAGTCGTATCGTAC-1,-0.034067985,0.08743185,-0.05386359,0.03295084,0.031308357,0.034437373,6.2628965e-07,-5.8683563e-06,-9.477836e-08,7.0361125e-08,2.1388537e-07,2.7617528e-08
Sample_4554_DH_2_ATTCCATAGAGAACCC-1,0.022189341,0.12139829,-0.050789222,0.055813536,0.058700964,0.029739495,2.9357512e-09,-1.4974813e-08,-9.164445e-10,5.991495e-10,8.334305e-10,2.341946e-10
Sample_4554_DH_2_ATTTACCAGGCATGGT-1,0.017827941,0.030527577,-0.051532067,0.03808318,0.061658487,0.023958348,9.629501e-09,-1.47093235e-08,-1.3395234e-09,4.9314064e-10,1.0671944e-09,6.482048e-10
Sample_4554_DH_2_CAAGACTTCGCATAGT-1,0.021784026,0.03605534,-0.05500846,0.039715283,0.05269909,0.036332473,4.410291e-08,-1.4665846e-07,-9.329222e-09,3.7639207e-09,8.109368e-09,5.265618e-09
Sample_4554_DH_2_CAATTTCGTGAGATAT-1,-0.0011329348,0.07771277,-0.051013872,0.058158264,0.04177309,0.026626792,2.5834896e-09,-3.1536371e-09,-1.1361051e-11,-9.814883e-12,-2.3741184e-10,1.0424175e-11
Sample_4554_DH_2_CACATGACATCGAAGG-1,0.07408915,0.047340065,-0.0051954268,0.0072319284,0.067285895,0.027685976,2.2421189e-07,-1.0297573e-06,-3.7205506e-08,1.1571719e-08,3.7052185e-08,2.661633e-08
Sample_4554_DH_2_CAGCCAGCACACAGCC-1,-0.020792892,0.1102705,-0.06164408,0.020231418,0.041214675,0.027031329,1.4795684e-07,-1.7334274e-06,-2.5280126e-08,1.9282169e-08,5.582983e-08,6.687705e-09
Sample_4554_DH_2_CAGCGTGTCTTTCTAG-1,0.020091172,0.10091375,-0.056751627,0.02044852,0.049484573,0.019391524,2.4137186e-08,-1.7522457e-07,-4.4852477e-09,2.6137668e-09,6.5127135e-09,1.680109e-09
Sample_4554_DH_2_CATACTTCAAACTCTG-1,0.07476953,-0.007957099,0.033360165,0.019378196,0.011067733,0.0066194786,-0.00076703005,0.050581567,-0.0010864179,0.00066348555,0.00021395343,0.0004426944
Sample_4554_DH_2_CATCAAGCAAGAAACT-1,0.09803131,0.0031188093,-0.0054538744,0.0023676418,0.027988404,0.020354934,1.067623e-06,-1.8772456e-05,-5.961579e-07,3.79224e-07,6.4348075e-07,2.3920245e-07
Sample_4554_DH_2_CATCAAGCATCGCTAA-1,0.027600907,0.037491806,-0.041271895,0.039983228,0.04146502,0.018839099,1.04218884e-07,-3.6907188e-06,-8.872177e-08,3.7467697e-08,1.4240229e-07,5.163745e-08
Sample_4554_DH_2_CATCCACAGGATACCG-1,-0.033064026,0.12454602,-0.055938456,-0.0053679943,0.01807284,0.018495314,8.112322e-10,-1.1810203e-08,-1.9591183e-10,-9.254708e-12,4.8972965e-10,1.3060925e-10
Sample_4554_DH_2_CATCCGTCATCGTCCT-1,-0.01697604,0.07332225,-0.041287888,0.034585297,0.046249375,0.0212303,1.4694186e-07,7.118807e-08,-2.9516366e-08,1.6663977e-08,2.605241e-08,1.1139132e-08
Sample_4554_DH_2_CATGCCTTCCAACTGA-1,-0.02640789,0.116750754,-0.054020606,0.0099172145,0.022541292,0.0179184,1.11979865e-08,9.668803e-09,-6.6748864e-09,4.7153987e-09,3.3784544e-09,6.430372e-10
Sample_4554_DH_2_CCAATGATCTCTGCTG-1,0.0050793802,0.08717252,-0.04544553,0.030689165,0.0517506,0.030349258,2.1975424e-08,-5.8703378e-08,-4.784731e-09,2.522558e-09,3.7412544e-09,1.7498057e-09
Sample_4554_DH_2_CCACAAAGTGACGTCC-1,0.011342088,0.075016364,-0.06329373,0.047443934,0.037002865,0.030565012,6.5873473e-10,-2.8984903e-11,0.0,0.0,0.0,0.0
Sample_4554_DH_2_CCACAAATCGTTCGCT-1,0.056710918,-0.004462622,-0.013287315,0.01694768,0.03133244,0.013583503,-0.00039904227,0.017486125,-0.00017029306,6.220053e-05,1.5987054e-05,0.00010627695
Sample_4554_DH_2_CCACACTCACTACACA-1,0.032592703,0.07818859,-0.041207206,0.0031135418,0.0395021,0.02666514,2.0787328e-07,-2.7931405e-06,-5.2601752e-08,3.520636e-08,8.958942e-08,2.0888189e-08
Sample_4554_DH_2_CCACGAGGTTAATCGC-1,0.16421297,-0.07053268,0.02993342,0.001952216,0.019805854,0.022395466,3.8864578e-06,-4.1995838e-05,-2.0258403e-06,1.2228119e-06,1.997319e-06,8.25242e-07
Sample_4554_DH_2_CCACGTTGTGCCGTTG-1,0.0328691,0.06723247,-0.042468533,0.011374876,0.03798032,0.027289115,2.7783517e-07,-3.643084e-06,-8.7709786e-08,5.6182166e-08,1.2185947e-07,3.738717e-08
Sample_4554_DH_2_CCGTGAGCACTGAATC-1,0.11039074,-0.03109682,-0.025073223,0.023580864,0.037873674,0.019703954,-2.8967784e-06,6.0205744e-05,-3.144747e-06,1.5322003e-06,8.223601e-07,1.6524491e-06
Sample_4554_DH_2_CCTACGTAGTTGAAAC-1,0.029119221,-0.009687532,0.021947691,-0.0024769139,0.0034767573,0.010402568,0.009417353,0.09798358,-0.0056272973,0.002780119,0.0010097084,0.0033182567
Sample_4554_DH_2_CCTCTCCTCTGACGCG-1,0.015647754,0.028193735,-0.02862443,0.020305052,0.047394954,0.025545115,2.1297383e-06,0.0014464597,-2.3594137e-05,8.86791e-06,6.8677714e-06,1.5579084e-05
Sample_4554_DH_2_CCTTCAGCAATAGAGT-1,-0.006730914,0.08548242,-0.050136644,0.0067129135,0.025143819,0.01870094,5.650771e-08,-1.4787477e-07,-1.2189361e-08,5.7256395e-09,1.0222844e-08,7.0223525e-09
Sample_4554_DH_2_CGACAGCGTCCAATCA-1,0.0034452274,0.06260939,-0.049264457,0.01850205,0.03231755,0.038018256,3.6567846e-07,-7.125352e-06,-6.980093e-08,5.7788657e-08,2.408403e-07,1.7864329e-08
Sample_4554_DH_2_CGCAGGTTCCACAGGC-1,-0.037102703,0.07676864,-0.020887578,0.018851243,0.021272264,0.01653009,-4.161065e-05,0.0044613355,-5.1429066e-05,2.0720094e-05,7.925336e-06,2.7663891e-05
Sample_4554_DH_2_CGCATGGGTACTAGCT-1,0.02975943,0.0076179393,-0.022443056,-0.0027466863,0.016159248,0.03312711,-6.785427e-05,0.0032516245,-5.0688286e-05,2.0331867e-05,2.0714991e-05,3.0222718e-05
Sample_4554_DH_2_CGCATGGTCTACAGGT-1,0.025493175,0.0652372,-0.04872884,0.0076262243,0.03708037,0.027944148,1.0618168e-06,-1.412257e-06,-3.67248e-07,8.515762e-08,1.4396522e-07,2.9794455e-07
Sample_4554_DH_2_CGTTGGGGTCGTTGCG-1,0.028716357,0.06509369,-0.043578427,0.0086025,0.049223404,0.02415208,1.3405008e-06,-1.4755134e-06,-4.8296204e-07,1.17001534e-07,1.8347212e-07,3.877392e-07
Sample_4554_DH_2_CGTTGGGTCACGTAGT-1,0.0059569203,0.028129585,-0.0474311,0.0524443,0.019369075,0.012545418,0.0001548719,0.04441048,-0.0013549193,0.000937211,0.00012779616,0.00044357512
Sample_4554_DH_2_CTAACTTGTGCCTTTC-1,0.079732284,-0.006529659,0.038979612,-0.009574745,0.036955886,0.021025095,3.8093032e-05,0.0014249384,-3.3935023e-05,1.2349704e-05,1.1182205e-05,2.2033997e-05
Sample_4554_DH_2_CTAGACAAGCTCTGTA-1,0.017996054,0.06123689,-0.028352935,0.03390687,0.05276171,0.03128089,1.0661415e-08,-2.1645125e-08,-7.7417783e-10,4.6170456e-10,4.905601e-10,1.7377641e-10
Sample_4554_DH_2_CTAGACACAAGTACCT-1,-0.07115911,0.17182718,-0.06671874,0.030215576,0.03749456,0.038607612,2.5665448e-09,2.0742064e-09,-5.404618e-10,2.032563e-10,1.5518156e-10,1.5116966e-10
Sample_4554_DH_2_CTCACTGTCCGAGGCT-1,0.03763339,0.05607058,-0.010580509,0.01884526,0.076445855,0.027169162,1.2015668e-07,-2.685992e-07,-2.4405466e-08,8.760473e-09,1.6765313e-08,1.5874992e-08
Sample_4554_DH_2_CTCAGAATCACTCCGT-1,-0.055203184,0.10556924,-0.05454754,0.0076003075,0.024329834,0.027182601,2.539051e-07,1.2999789e-06,-1.677768e-07,1.0332174e-07,1.3712554e-07,4.487719e-08
Sample_4554_DH_2_CTCAGGGGTGAGTCAG-1,-0.01564648,0.101421155,-0.04984331,0.0447791,0.057027794,0.029428704,0.0,0.0,0.0,0.0,0.0,0.0
Sample_4554_DH_2_CTCCCTCGTGCATCTA-1,0.02600549,-0.008044586,-0.026417164,-0.0054146275,0.039751887,0.045217652,1.542719e-05,-3.8443904e-05,-4.547189e-06,1.3221069e-06,2.888213e-06,3.4638101e-06
Sample_4554_DH_2_CTCTCGAGTCCAACGC-1,0.057691574,-0.009726791,0.03999704,-0.00440022,0.0075885905,0.012701972,-0.0010328102,0.034264673,-0.00037404193,0.00018617194,6.0173305e-05,0.0001766962
Sample_4554_DH_2_CTGAATGTCGCTTACC-1,0.043209665,0.060215726,0.0053635477,0.029153928,0.064250536,0.03622872,5.667142e-09,-1.8699012e-08,-1.9202466e-11,4.0350622e-11,2.5208774e-10,0.0
Sample_4554_DH_2_CTTTCAACACACTGGC-1,0.018424772,0.036403164,-0.031523608,0.016384609,0.07466057,0.026870303,1.6376934e-08,1.8579937e-07,-7.981919e-09,3.567774e-09,3.2043233e-09,3.5521805e-09
Sample_4554_DH_2_GAACGTTCATCACAGT-1,0.0055597434,0.057367615,-0.032165356,0.029147238,0.026144192,0.015655685,2.127088e-08,-2.3280089e-07,-5.6611245e-09,2.3734006e-09,7.1796333e-09,3.0751126e-09
Sample_4554_DH_2_GAACTGTCATAGGAGC-1,0.0067446874,0.09269807,-0.052213375,0.059331283,0.047050178,0.028389715,1.8315407e-09,-1.1994942e-09,-1.2510487e-10,2.2034487e-10,2.3562122e-10,-2.969183e-10
Sample_4554_DH_2_GAAGAATGTTGGGCCT-1,-0.0013897792,0.08675915,-0.036583416,0.05458618,0.03923296,0.028159838,7.3875484e-09,-1.4046827e-08,-3.546744e-10,2.2034487e-10,2.9841332e-10,-2.6128266e-12
Sample_4554_DH_2_GACCCTTCAGCCGTCA-1,0.05952977,0.05822797,-0.011048328,0.008395519,0.072568156,0.027029883,1.3063473e-07,-6.787906e-07,-1.9558282e-08,6.0556298e-09,2.1987265e-08,1.4545097e-08
Sample_4554_DH_2_GACCTTCAGTTAACAG-1,0.04091128,-0.0048266836,-0.03242314,0.031555116,0.0392228,0.021909524,-4.3410473e-05,0.0065803393,-0.000103268976,3.8272425e-05,2.1014457e-05,6.6047134e-05
Sample_4554_DH_2_GACTCTCCAAGAATGT-1,0.021806348,0.062417805,-0.030703638,0.05664996,0.030649535,0.020548634,3.738611e-08,-6.233772e-08,-1.6162535e-09,7.675149e-10,2.3071687e-09,8.469773e-10
Sample_4554_DH_2_GAGACTTAGGCACCAA-1,-0.009606652,0.06478542,-0.05178269,0.04069853,0.053870283,0.03348897,1.3718909e-07,-2.8802964e-07,-9.841495e-09,3.7486725e-09,9.701754e-09,6.1598917e-09
Sample_4554_DH_2_GAGCCTGCAAAGCTCT-1,0.04834215,0.024793696,-0.019682612,0.00079365075,0.030566506,0.040913273,5.0405833e-06,-3.0089457e-05,-1.2354367e-06,5.059293e-07,1.305402e-06,8.235587e-07
Sample_4554_DH_2_GAGTTACAGTGCTCAT-1,0.023871364,0.039842054,-0.04310395,0.0419316,0.035026185,0.020878829,6.015851e-09,-4.6043436e-08,-5.601692e-10,3.2481427e-11,1.3017926e-09,5.592323e-10
Sample_4554_DH_2_GAGTTACGTACTGCCG-1,0.020680655,0.053958632,-0.044435512,0.03948117,0.049025305,0.02371751,4.5084953e-08,-5.78303e-08,-1.2704025e-08,7.0351134e-09,1.8635834e-08,3.3582777e-09
Sample_4554_DH_2_GAGTTACTCAGCTGAT-1,0.0007984862,0.097041875,-0.022574134,0.057345405,0.049759887,0.027919283,2.9418903e-09,-3.075609e-09,-2.1890723e-09,1.2715012e-09,2.1683264e-09,6.974332e-11
Sample_4554_DH_2_GATCAGTAGTTGAAGT-1,0.018880006,0.07111582,-0.031244446,0.010471955,0.046702072,0.026479885,-7.2517014e-07,3.770245e-05,-5.61992e-07,1.9098175e-07,5.3931885e-08,3.5167304e-07
Sample_4554_DH_2_GATCATGAGTCGTCTA-1,-0.0074593285,0.07065764,-0.033904865,0.046769492,0.033604,0.01965061,3.0590208e-08,-2.6599512e-08,-2.659148e-09,2.586564e-09,2.0720954e-09,-2.8022396e-10
Sample_4554_DH_2_GATGACTCATAACTCG-1,-0.009740626,0.0827986,-0.060636558,0.058648236,0.05495859,0.030535132,4.4865445e-08,9.178015e-07,-1.0644191e-07,9.885092e-08,5.971482e-09,4.8299524e-09
Sample_4554_DH_2_GATGAGGTCCGGTAGC-1,0.022170672,0.040192775,-0.031125734,0.02767542,0.036000606,0.0151845645,1.3052724e-07,-2.2471436e-06,-6.098298e-08,2.5197128e-08,9.400142e-08,3.648182e-08
Sample_4554_DH_2_GCACATAAGATACTGA-1,-0.015898103,0.08301164,-0.052302428,0.042518795,0.04161706,0.025248824,1.1814116e-08,-1.0848087e-06,-3.4911295e-08,1.6177946e-08,4.253622e-08,1.8067364e-08
Sample_4554_DH_2_GCCATGGAGAGCTTTC-1,0.012012342,0.02898319,-0.057363287,0.056679133,0.012345908,0.012976026,0.00047790795,0.06079181,-0.0020076642,0.0012554745,0.0002846729,0.00084738806
Sample_4554_DH_2_GCGGATCTCACCGGTG-1,0.06488271,0.05340714,0.0077171186,0.039785177,0.064212374,0.039502744,3.9405346e-09,-3.5643293e-08,-5.935952e-11,2.9598865e-11,1.472455e-09,4.0157055e-11
Sample_4554_DH_2_GCTACAAGTTAGAAGT-1,0.0645057,0.011211157,-0.01209647,0.010610729,0.054880947,0.030213773,4.2612355e-06,2.2585198e-05,-2.2340546e-06,6.959162e-07,9.546641e-07,1.6457504e-06
Sample_4554_DH_2_GCTGCAGAGAGCCGTA-1,0.15729004,-0.09105809,0.042185575,0.0030314997,0.014837043,0.023135815,-3.0993302e-05,0.0038000697,-8.823599e-05,4.587785e-05,3.502874e-05,3.9153754e-05
Sample_4554_DH_2_GCTGCAGTCCACAGCG-1,0.08062348,-0.013383262,-0.032286063,0.02809693,0.051263206,0.023078375,5.63205e-07,-6.3458215e-06,-3.362963e-07,1.9735907e-07,2.5844378e-07,1.4193108e-07
Sample_4554_DH_2_GCTTTCGTCTTGGTCC-1,-0.02955716,0.08595284,-0.04618873,0.038912766,0.0320796,0.024777811,1.5263184e-08,-4.0895564e-08,-1.2062739e-09,6.5911676e-10,7.4334694e-10,5.93716e-10
Sample_4554_DH_2_GGAGAACCAATGAAAC-1,0.03320617,0.014144227,-0.048805695,0.022539742,0.06628587,0.02443493,-1.1873827e-11,-9.445774e-10,-1.9803414e-11,1.8734026e-11,-9.575432e-11,1.0693876e-12
Sample_4554_DH_2_GGAGGATTCGGTCACG-1,0.004167435,0.07819067,-0.044887956,0.04770828,0.039367527,0.023113824,-5.4143156e-06,0.00017951342,-1.7198997e-06,1.3036226e-06,9.82577e-07,3.509681e-07
Sample_4554_DH_2_GGGACTCGTCTCACGG-1,0.07312229,-0.024279177,-0.0094435625,0.017724376,0.017187187,0.025305893,-2.2465247e-05,0.0013549576,-1.8296189e-05,7.480516e-06,4.801842e-06,1.1655432e-05
Sample_4554_DH_2_GGGTATTCACCTGATA-1,-0.031486668,0.10728954,-0.06587423,0.040878356,0.031571604,0.034853455,2.3127477e-08,-5.217517e-08,-1.0523924e-09,9.583097e-10,2.341952e-09,2.1886956e-10
Sample_4554_DH_2_GGGTGAAGTGTGTGGA-1,0.032292552,0.09196798,-0.056965746,0.04274966,0.057603374,0.032608807,-2.7476424e-10,-2.475969e-09,-1.685901e-11,2.5074488e-11,1.6137613e-10,-2.8304234e-11
Sample_4554_DH_2_GGTAACTCACGAAAGC-1,0.037459273,0.018636033,-0.045347746,0.021040335,0.04089836,0.028462565,1.2045771e-07,-4.4094486e-06,-1.04251924e-07,4.429768e-08,1.6869157e-07,6.046677e-08
Sample_4554_DH_2_GGTCACGTCCTACACC-1,0.13167363,-0.06940744,0.052110165,-0.005037032,0.012174697,0.020110913,-0.00044458808,0.019304814,-0.00027016093,0.0001318741,6.996027e-05,0.00013644874
Sample_4554_DH_2_GGTGTTATCAAAGCCT-1,0.0017770403,0.05138281,-0.07889664,0.026765294,0.021097168,0.028578047,6.072893e-07,-6.2928707e-06,-2.0231128e-07,1.498436e-07,3.327449e-07,4.908051e-08
Sample_4554_DH_2_GTACAGTTCCATTGCC-1,0.037641816,0.021165056,-0.013434457,0.019330777,0.017839827,0.01362339,-0.00062821445,0.022898123,-0.00043832744,0.00018458458,0.00012189637,0.00029164116
Sample_4554_DH_2_GTACAGTTCGTCTAAG-1,0.01068635,0.008448097,0.008984446,0.003146395,0.0035892583,0.007449015,0.019209497,0.10158123,-0.011284604,0.0039054677,0.0012797001,0.0092522735
Sample_4554_DH_2_GTATTGGCAATCGCAT-1,0.02975317,0.052314423,-0.02595824,0.060230583,0.021194432,0.011616755,3.2261546e-06,-3.0971635e-06,-1.7888712e-07,1.6127069e-07,9.6311354e-08,1.4081847e-08
Sample_4554_DH_2_GTGGAAGCAATTGTGC-1,0.014251651,0.06592405,-0.036583476,0.034254365,0.039007645,0.025506644,-7.338685e-06,0.0001725882,-1.482491e-06,8.4694585e-07,6.7227404e-07,5.3666577e-07
Sample_4554_DH_2_GTGTCCTTCGACACTA-1,0.014685366,0.06628981,-0.06538884,0.031753235,0.048812337,0.0418069,1.9276733e-08,-5.9762804e-08,-2.8245012e-10,8.373804e-11,2.1328157e-09,2.4029767e-10
Sample_4554_DH_2_GTGTTAGCATACCATG-1,0.011374678,0.09897095,0.0027260068,0.059437424,0.029869296,0.020503912,1.8914355e-08,-9.621841e-09,-1.7224083e-10,4.0278697e-11,3.7213288e-10,1.3196214e-10
Sample_4554_DH_2_GTTAGTGGTTGCATTG-1,0.049504746,-0.0018059127,-0.015838882,0.0036389232,0.030917611,0.029854383,-1.0392239e-05,0.0005155121,-1.016949e-05,4.855317e-06,1.2601472e-06,3.802587e-06
Sample_4554_DH_2_GTTCTATCATCGGAAG-1,0.005575467,0.015366998,0.011547487,0.0017768964,0.014871826,0.01043624,7.596529e-05,0.018184971,-0.00029740186,0.00010166749,5.645521e-05,0.00020038558
Sample_4554_DH_2_GTTGAACTCTCTTAAC-1,-0.0024317428,0.08033865,-0.037351295,0.056912087,0.0402195,0.027161501,3.8131533e-09,-1.7452066e-08,-6.149081e-10,4.06793e-10,1.9638133e-10,3.294647e-10
Sample_4554_DH_2_GTTGCTCGTTTAGTCG-1,0.045174666,-0.0034422474,-0.010120958,0.02270468,0.0049736598,0.0077902833,0.0024097746,0.06766735,-0.0030660084,0.0019065342,0.000756643,0.0013204792
Sample_4554_DH_2_TAACACGGTGTCCACG-1,0.031400368,0.10899724,0.018989122,0.06739865,0.03380713,0.02595973,1.1142602e-08,-1.1582304e-09,-3.8404932e-11,3.8404932e-11,4.6701698e-11,0.0
Sample_4554_DH_2_TAAGTCGTCCTCATAT-1,-0.00046910765,0.08465259,-0.03563149,0.05913031,0.03857696,0.027999956,5.2472887e-11,-9.1799623e-10,-4.6582967e-11,1.8734026e-11,1.3067741e-10,2.7848938e-11
Sample_4554_DH_2_TAATCTCAGTAGGATT-1,0.023268465,0.077747405,-0.014523331,0.06307208,0.04389839,0.033193745,1.3115325e-09,-1.6007452e-09,-1.9202466e-11,1.9202466e-11,-8.153478e-11,0.0
Sample_4554_DH_2_TACAGGTCAAAGCGTG-1,0.0026096683,0.057381563,-0.02817296,0.022749953,0.025053732,0.02506673,4.38843e-06,0.00048481935,-1.1333229e-05,6.316777e-06,4.5940487e-06,4.786355e-06
Sample_4554_DH_2_TACTGCCAGGCTCACC-1,0.10962163,-0.06333098,0.0033248998,0.013875015,0.027565084,0.019812468,-0.000105757594,0.0067893383,-0.000116905736,5.285391e-05,2.8706396e-05,6.0678758e-05
Sample_4554_DH_2_TACTTCACATGTAACC-1,0.047308136,0.014570326,-0.04118755,0.020893864,0.03918574,0.027448043,1.8959368e-07,-2.5901377e-06,-1.4052277e-08,1.1204651e-08,7.800746e-08,5.597596e-09
Sample_4554_DH_2_TATCTTGCAATGGCAG-1,0.06460391,0.01609344,-0.04152128,0.02931007,0.033499185,0.030532159,2.1538584e-08,-9.6969906e-08,-2.5288047e-10,1.2031848e-10,6.6195973e-09,1.7232307e-10
Sample_4554_DH_2_TCACACCAGCAGGCTA-1,0.13609056,-0.043682206,0.017405428,0.009738393,0.04923705,0.025394548,5.1857983e-06,-4.529101e-05,-2.8544457e-06,1.4367105e-06,2.0563873e-06,1.5203474e-06
Sample_4554_DH_2_TCACTCGAGATAGCTA-1,0.065426275,-0.004719466,0.038572084,0.0018812828,0.009297164,0.012418548,-0.0013646422,0.047990587,-0.00058014883,0.00025700554,9.13915e-05,0.0003330114
Sample_4554_DH_2_TCAGTCCAGACCGCCT-1,0.03531475,-0.00723123,0.021105973,0.0063596833,0.0035316288,0.006452718,0.007346558,0.10833402,-0.0054654996,0.0015560868,0.0009988631,0.00535125
Sample_4554_DH_2_TCATCCGGTCTCGACG-1,0.0823207,0.019182995,-0.0316593,0.028384708,0.06989373,0.022848643,1.3002088e-07,-6.432678e-07,-2.3293804e-08,1.0902145e-08,2.0158636e-08,1.2790528e-08
Sample_4554_DH_2_TCCCAGTAGATTGATG-1,0.018344218,0.04727085,-0.051903725,0.052290842,0.050205976,0.027158394,3.8067056e-09,-1.4810333e-08,-2.4589525e-10,9.022173e-11,5.408419e-10,3.8480205e-11
Sample_4554_DH_2_TCCTCGAGTATCATGC-1,-0.0038698185,0.124053955,-0.010157434,0.044505514,0.06999318,0.03561219,6.4389244e-10,-3.789808e-10,-1.8734026e-11,1.8734026e-11,1.0677946e-10,0.0
Sample_4554_DH_2_TCCTCTTTCCCGATCT-1,0.026270727,-0.0008546943,0.021476174,0.0042943787,0.0022300868,0.005189148,0.012239271,0.097216174,-0.0058844797,0.0016272173,0.0013190147,0.0062663844
Sample_4554_DH_2_TCGACGGGTACTAACC-1,-0.020430261,0.12461083,-0.002642495,0.063225724,0.039795168,0.018907491,0.0,-2.2996044e-10,0.0,0.0,0.0,0.0
Sample_4554_DH_2_TCTGCCAGTCCTATAG-1,0.025891604,0.041647717,-0.05253929,0.048891075,0.04128606,0.025923342,4.743398e-08,-1.3311877e-07,-3.0111256e-09,1.3276762e-09,7.822138e-09,1.7631758e-09
Sample_4554_DH_2_TCTGGCTCACAACGCC-1,-0.018879112,0.09654649,-0.06745221,0.04768975,0.051366262,0.03871661,1.3145011e-09,-5.9096297e-09,1.8265587e-11,-1.8265587e-11,5.4543525e-10,0.0
Sample_4554_DH_2_TCTTTGAAGGTCATCT-1,-0.023954459,0.09468513,-0.037641272,-0.0021907985,0.011825871,0.012672561,-3.5317825e-08,1.538755e-06,-4.4642036e-08,2.587358e-08,2.1785464e-08,8.7182865e-09
Sample_4554_DH_2_TGATCTTCATGTGGCC-1,0.027318167,0.05788044,-0.016671622,0.037821062,0.045288645,0.02654533,-2.2478241e-07,-5.3511003e-06,-4.285447e-07,1.9763488e-07,3.9767514e-07,2.0630205e-07
Sample_4554_DH_2_TGCACGGGTACTAGCT-1,0.011752663,0.052714586,-0.046324886,0.03886398,0.052195124,0.031548265,5.2472887e-11,-1.0246565e-09,1.9021059e-11,0.0,1.3067741e-10,-1.9021059e-11
Sample_4554_DH_2_TGCACGGGTCCACTTC-1,-0.026419448,0.094326496,-0.043882817,0.052339643,0.042349674,0.028045107,0.0,-2.619138e-10,0.0,0.0,0.0,0.0
Sample_4554_DH_2_TGCAGATGTAAGGCCA-1,0.020699605,0.040742233,-0.05199013,0.04760977,0.043634057,0.022640415,2.7262101e-09,-1.2605157e-08,-2.2160829e-10,1.9202466e-11,3.218278e-10,2.0240583e-10
Sample_4554_DH_2_TGGAGAGTCCGCATAA-1,-0.0148821315,0.10037872,-0.025956705,0.05531577,0.045944363,0.026791736,6.5873473e-10,-3.7734784e-09,-5.889108e-11,1.8734026e-11,1.4653956e-10,4.0157055e-11
Sample_4554_DH_2_TGGATGTGTGTACGCC-1,0.06326953,0.031142697,-0.042343896,0.012545418,0.034703113,0.018992916,1.2045982e-06,-1.9005867e-05,-1.0257647e-06,6.933461e-07,8.825858e-07,3.2012161e-07
Sample_4554_DH_2_TGGCGTGTCGTAGGAG-1,0.18108247,-0.10407485,0.06020623,-0.011110282,0.014591951,0.03027352,3.0607822e-05,-7.061663e-05,-1.0951402e-05,5.81057e-06,1.0264897e-05,5.2778937e-06
Sample_4554_DH_2_TGTACAGGTTTGATCG-1,-0.020107873,0.14168064,0.0010878518,0.057859078,0.05437687,0.029460251,-1.4842283e-12,-3.243363e-10,0.0,0.0,0.0,0.0
Sample_4554_DH_2_TGTGAGTGTGCTGATT-1,0.07974557,-0.015989944,-0.02701209,0.009924881,0.03441908,0.033485368,1.1363718e-06,-2.0789725e-05,-2.8311092e-07,1.8033407e-07,7.1265e-07,1.284569e-07
Sample_4554_DH_2_TGTTCTATCGCTAATG-1,-0.023537965,0.13120234,-0.014985977,0.06612167,0.03991039,0.02509259,5.3515077e-09,-7.357773e-09,-7.855949e-11,1.1797036e-10,6.7906075e-10,-9.775017e-11
Sample_4554_DH_2_TTAATCCTCATTACCT-1,0.050858967,0.019448973,-0.039277174,0.037525058,0.062997505,0.026315328,2.4282883e-06,-4.350295e-07,-9.388703e-07,2.9837375e-07,3.9503473e-07,6.771291e-07
Sample_4554_DH_2_TTAGGGTCAGCAGAAC-1,0.0053788032,0.09584193,-0.04741302,0.06477749,0.04506784,0.023283087,-2.0101236e-09,2.9376326e-07,-6.8538517e-09,5.4622156e-09,2.0127684e-09,5.7211547e-10
Sample_4554_DH_2_TTCATTGAGCTTGTGT-1,0.015475672,0.084855855,-0.058225583,0.0079601295,0.02757492,0.022913044,1.6936173e-07,-2.7589629e-06,-8.809209e-08,6.101422e-08,1.0173978e-07,2.935137e-08
Sample_4554_DH_2_TTCCAATCAGGCATGA-1,0.031166611,0.03293979,-0.04860144,0.044363193,0.051275276,0.030542612,5.8792386e-07,9.46298e-07,-2.2825694e-07,1.7806643e-07,1.577578e-07,2.9397924e-08
Sample_4554_DH_2_TTCCGTGGTTCGTGCG-1,0.055191536,0.0453529,-0.009356203,0.04369478,0.028359126,0.025118057,1.3939729e-07,-4.177842e-06,-8.5049514e-08,3.12489e-08,1.4701953e-07,5.6849316e-08
Sample_4554_DH_2_TTCGGTCAGTCTAGAA-1,0.048685208,-0.024118988,0.0019038469,-0.0022538789,0.021676492,0.035167515,0.0001816682,0.0057210266,-0.00014781683,4.371954e-05,4.2981148e-05,0.00011252969
Sample_4554_DH_2_TTCTCTCCACAAATGA-1,0.015504802,0.06466794,-0.038401637,0.029904865,0.05317895,0.027593898,2.0469379e-08,1.1648653e-07,-8.443546e-09,3.4794287e-09,4.301164e-09,4.069677e-09
Sample_4554_DH_2_TTGCATTTCTCCTGCA-1,0.03250442,0.06877093,-0.0552391,0.06104034,0.039096545,0.02886818,4.727144e-08,-7.0735794e-08,-1.3596986e-09,1.0384602e-09,7.293213e-09,2.6817795e-10
Sample_4554_DH_2_TTGGGTAAGTCAGAGC-1,0.0137536675,0.047942057,-0.02860821,0.027178667,0.024698097,0.01461906,1.214219e-07,-2.433381e-06,-7.9311086e-08,3.404351e-08,1.03458305e-07,4.3257067e-08
Sample_4554_DH_2_TTGGGTATCGGCATCG-1,0.02047944,0.03084632,-0.03004001,0.02764073,0.038137663,0.022038475,1.2222739e-05,-2.1779342e-05,-3.2458115e-06,2.6118576e-06,2.1471928e-06,5.046653e-07
Sample_4554_DH_2_TTGTGGAAGGTATTGA-1,-0.0042881807,0.07418829,-0.060207814,0.05261697,0.04333725,0.034084477,6.993338e-10,-4.7675757e-09,-1.3582229e-11,-1.8265587e-11,-1.6521462e-10,3.1847816e-11
Sample_4554_DH_2_TTTGGTTTCCATTTCA-1,0.11584582,-0.08104348,0.034575976,0.0012321193,0.0141783925,0.018289683,-6.6270295e-06,0.015384054,-0.0009013044,0.0005718914,0.00020266899,0.000370616
Sample_4554_DH_3_ACGGGTCTCTCACCCA-1,0.049092855,-0.029806478,0.020114765,-0.0040283874,0.0030087023,0.010257445,0.0039962092,0.07968114,-0.0043774704,0.0024689294,0.00080406177,0.0026243962
Sample_4554_DH_3_AGGAAATAGCGCCCAT-1,4.467007e-06,-3.5579906e-06,9.03743e-08,1.5688813e-06,2.062095e-08,3.982588e-07,0.032122307,-0.11463326,-0.08809678,0.06141381,0.0025290481,0.040978186
Sample_4554_DH_3_AGGACGAGTGCCCGTA-1,0.0074463855,-0.004083767,0.003325757,-0.00043560052,0.0005928327,0.0020917517,0.03525983,0.051270306,-0.02152749,0.008390523,0.0032185046,0.02316472
Sample_4554_DH_3_ATCCATTTCGTTATCT-1,0.00013825869,-6.307084e-05,0.00011905098,2.922622e-05,1.0288035e-05,4.078804e-05,0.098296694,0.0017748009,-0.048560113,0.017809499,0.0040774094,0.044158574
Sample_4554_DH_3_ATTCTTGTCGTAACCA-1,0.00072432816,-0.0002831379,0.0007126846,0.0001466579,3.8390626e-06,0.00011978196,0.012526183,0.03644129,-0.014768783,0.0065537766,0.008802123,0.03089832
Sample_4554_DH_3_CACAACAGTTAAGAAC-1,0.0030047165,-0.0013734084,0.0023359363,0.0003613634,8.9268746e-05,0.0005253995,0.014184336,0.026947945,-0.003852401,0.0040218756,0.0044489657,0.017984055
Sample_4554_DH_3_CATCGCTGTCTGCATA-1,0.0069891787,-0.002726151,0.004224655,0.0014363446,0.00053306436,0.0015565227,0.024893064,0.06436506,-0.01115768,0.004713542,0.0035374146,0.0124159
Sample_4554_DH_3_CGGGACTTCCATAGGT-1,0.00044370402,-0.00016369269,0.00051223807,7.908158e-05,1.44075e-05,0.000112780035,0.019858707,0.058205694,-0.0011920612,0.0014718329,0.0042823935,0.014189782
Sample_4554_DH_3_CTCCCAAAGACATAAC-1,0.0005506503,-0.00028706357,0.0004765542,6.239701e-05,3.4096292e-06,0.00010806886,0.056319837,0.041864604,-0.012473304,0.0030515324,0.0069573093,0.025261149
Sample_4554_DH_3_CTTTCGGCAAGTTTGC-1,0.00077857,-0.00031760675,0.0006602907,0.00017679644,2.5252888e-05,0.0001300966,0.021270622,0.023037188,-0.028848868,0.033425245,0.0016206244,0.021271124
Sample_4554_DH_3_GAAGGACGTTCGAGCC-1,2.055501e-06,-1.3762749e-06,1.3141239e-06,5.8160396e-07,3.2732316e-08,4.519087e-07,0.03130423,-0.08700367,-0.020141907,0.03286235,0.0042425524,0.05279919
Sample_4554_DH_3_GAGGCAATCGCCGATG-1,0.00059708976,-0.00021454383,0.0006753448,9.6460804e-05,2.649971e-05,0.00014429113,0.09713036,0.083152376,-0.00662791,0.00048726005,0.004640294,0.023701264
Sample_4554_DH_3_GAGTTTGCAGTGAGCA-1,2.3540268e-05,-1.3222779e-05,1.1261236e-05,9.010064e-06,1.2000271e-06,4.1741637e-06,0.033088557,-0.07909292,-0.022895403,0.029378429,0.0014517021,0.036037773
Sample_4554_DH_3_GGCGTCAAGAGTGGCT-1,0.005825181,-0.0020908432,0.0022230542,0.0024757404,0.00046685233,0.0012747584,0.03712255,0.06098263,-0.037976608,0.033638127,0.0010985837,0.015468545
Sample_4554_DH_3_GGGTTTACAGAAATTG-1,7.680631e-08,-5.757789e-08,3.2374906e-08,5.711216e-08,6.9999793e-09,1.6085522e-08,0.040369224,-0.1611176,-0.048341483,0.05777593,0.0066300137,0.03530007
Sample_4554_DH_3_GTACAGTTCTTGGTGA-1,2.8525928e-06,-2.467398e-06,-9.229912e-08,7.55734e-07,2.5211511e-08,2.2939226e-07,0.03391797,-0.097778305,-0.08662373,0.078869745,0.002960516,0.030605245
Sample_4554_DH_3_GTCAGCGCATTGTGCA-1,0.001049849,-0.00034518598,0.0009171699,0.0002813259,0.000109164874,0.00042572315,0.0254052,0.033136383,-0.0065640016,0.0026973465,-0.00036898488,0.008660698
Sample_4554_DH_3_GTTGCTCAGGTAGGCT-1,0.018044997,-0.010079097,0.006996044,-0.001356307,0.0016097801,0.0053119767,0.0067807334,0.074996874,-0.004891635,0.0017314409,0.0021706433,0.008965016
Sample_4554_DH_3_TACGTCCAGGAACTAT-1,2.897472e-06,-2.4542285e-06,-3.2645085e-07,1.0328711e-06,2.2261908e-08,2.3361955e-07,0.026096642,-0.08593007,-0.10270476,0.096157044,0.0024255347,0.030301824
Sample_4554_DH_3_TCTTTGACAAGCAGGT-1,0.00071873656,-0.00024493894,0.00076658,0.00013059453,1.9004714e-05,0.00015134974,0.10418989,0.0575535,-0.012198087,-0.00010446878,0.0039259386,0.02865997
Sample_4554_DH_3_TGAGTCATCTTGATTC-1,0.0011500019,-0.0004301506,0.0010179057,0.00018572516,9.977917e-05,0.00044101322,0.09815773,0.08348486,-0.00848769,-0.00020743161,0.0027571744,0.02154869
Sample_4554_DH_3_TGCGACGGTAACTTCG-1,0.000145083,-4.0213672e-05,0.00023850947,4.4878303e-05,4.8964703e-06,6.676719e-05,0.060630143,0.053526133,-0.008762589,0.001465807,0.0023730546,0.018565083
Sample_4554_DH_2_AACAACCCACAAGTTC-1,0.00067613286,-0.00016900738,0.0008579572,0.00013514265,3.0056915e-05,0.00014543677,0.032619283,0.041108638,-0.01574168,-0.0005783923,0.008144252,0.03282785
Sample_4554_DH_2_AACACACGTATCGTGT-1,0.00022078407,-8.93972e-05,0.00018654559,5.162372e-05,1.7085973e-05,5.548048e-05,0.021278717,-0.008618541,-0.02590578,0.024662796,0.00020111364,0.036643498
Sample_4554_DH_2_AATCGACCACAAAGCG-1,2.5946467e-05,-2.2645872e-05,1.5709127e-06,4.4808403e-06,4.601863e-07,3.7021975e-06,0.022486936,-0.048012502,0.010360703,0.03259342,0.0026022897,0.039982192
Sample_4554_DH_2_ACACGCGAGGTATAGT-1,0.00027015113,-5.016812e-05,0.0004266384,7.522803e-05,1.787395e-05,0.0001061785,0.034508403,0.031455792,-0.015015166,0.0019621514,0.007486281,0.03336262
Sample_4554_DH_2_ACACGCGCAGCGTTGC-1,5.7060925e-06,-4.8802954e-06,3.0490696e-06,1.5660567e-07,8.402665e-10,1.4862314e-06,0.03748942,-0.024426874,-0.017581,0.015224136,0.00635836,0.05006975
Sample_4554_DH_2_ACCAAACTCAAGAGTA-1,7.785729e-05,-3.4648696e-05,0.000109828,1.1219836e-05,-3.788681e-07,3.1429438e-05,0.07789987,0.027941003,-0.019577198,0.008258458,0.008101586,0.037139773
Sample_4554_DH_2_ACCGTTCAGTCTGCGC-1,0.0021551864,-0.00081142026,0.0020087932,0.00038140058,4.866588e-05,0.00032889683,-0.010799101,0.06745416,-0.006023407,0.0033515426,0.004306243,0.02086407
Sample_4554_DH_2_ACGCACGAGGACCCAA-1,0.000858347,-0.00039891995,0.0006391941,0.00013691947,5.268628e-05,0.00026908395,0.05264215,0.028222874,-0.011643603,0.005196986,0.0060200635,0.02482418
Sample_4554_DH_2_ACTCCCAAGCGCATCC-1,0.00028997211,-0.000116090065,0.0003140528,4.7733316e-05,6.7965548e-06,5.9327347e-05,0.020943347,0.055205733,-0.029766444,0.021284087,0.00485674,0.025607968
Sample_4554_DH_2_AGAAATGAGATTGACA-1,0.009101907,-0.005397633,0.0045589637,-1.6834587e-05,0.00049575756,0.0015094713,0.009711253,0.07441124,-0.024234068,0.004687298,0.006143707,0.020572916
Sample_4554_DH_2_AGACCATCAGACACAG-1,0.000663465,-0.00020174333,0.0005962815,0.00016786857,5.657729e-05,0.00024964166,0.03643811,0.01413624,-0.023484029,0.00960628,0.0038244296,0.037858833
Sample_4554_DH_2_AGGACTTAGAATACAC-1,0.0007328988,-0.00040218327,0.00055874605,9.662773e-05,1.3475905e-05,0.0001163497,0.02549449,0.057235107,-0.02882319,0.012609258,0.0064052893,0.023530059
Sample_4554_DH_2_AGGGCTCGTGTCTTGA-1,7.015846e-08,-5.922697e-08,-1.5346403e-08,4.5807965e-08,3.3919805e-09,9.850998e-09,0.033592373,-0.17565304,-0.043359727,0.06101252,0.0058123847,0.034451023
Sample_4554_DH_2_ATACTTCTCTGAATGC-1,0.00094129774,-0.00034638774,0.000984296,0.00015560212,3.192504e-05,0.00021065034,0.031423517,0.010835722,-0.012606872,0.001795063,0.0076201255,0.014974048
Sample_4554_DH_2_ATCACGAGTTATAGAG-1,0.002299355,-0.0015414213,0.0008418609,0.00023508206,9.6198564e-05,0.00034446834,0.03460575,-0.019029137,0.0031983852,0.014170233,0.00024601503,0.019937161
Sample_4554_DH_2_ATTCCCGGTTGCGAAG-1,0.0030831879,-0.0015163033,0.0024345082,0.00017728133,6.9623624e-05,0.00047010925,-0.012338575,0.08510439,-0.004798159,0.00222168,0.005828621,0.012530676
Sample_4554_DH_2_CACAGATCACGACAAG-1,0.002519879,-0.0010497945,0.00214318,0.00044650148,4.784872e-05,0.00035748986,0.021517962,0.06820401,-0.026601661,0.008780105,0.005338505,0.014823398
Sample_4554_DH_2_CAGCAATCATAGATGA-1,0.00043370726,-0.00022934502,0.0002788292,9.965878e-05,2.817286e-05,9.2038084e-05,0.05884968,-0.01587475,-0.03608921,0.027424946,0.0047605634,0.020867813
Sample_4554_DH_2_CAGTTCCAGAGACAAG-1,3.135716e-07,-2.9590362e-07,-3.497229e-08,5.7397884e-08,-3.5841654e-09,1.8899085e-08,0.034643266,-0.092705235,-0.11501533,0.09816772,0.0034587076,0.027569568
Sample_4554_DH_2_CATCCACTCTCTCGAC-1,5.075129e-08,-4.9153215e-08,-1.5793947e-08,1.9951884e-08,4.9819243e-10,3.557662e-09,0.03247422,-0.11280904,-0.098505065,0.08463122,0.004845994,0.028564308
Sample_4554_DH_2_CCACAAACAGCGGTTC-1,1.6992923e-06,-1.3826221e-06,1.0215716e-07,6.423903e-07,4.1298023e-08,1.7991533e-07,0.04851268,-0.08521105,-0.05657056,0.06091979,0.0036637727,0.03147272
Sample_4554_DH_2_CCCTCAATCAATCTCT-1,9.339246e-08,-8.116419e-08,5.3198896e-08,5.1962488e-08,1.307348e-09,1.36964395e-08,0.044535223,-0.09215328,-0.04822573,0.040228575,0.004445489,0.030945212
Sample_4554_DH_2_CCGCAAGTCGCGTGCA-1,0.0023009423,-0.0010041231,0.0016941113,0.00031625375,0.00023659374,0.0008964212,0.044427454,0.026498765,-0.018344345,0.003026275,0.00929847,0.01549641
Sample_4554_DH_2_CGGGCATTCCGAGAAG-1,3.452611e-07,-2.8307375e-07,2.1118123e-07,1.8838648e-07,6.5580172e-09,1.1042764e-07,0.03693813,-0.08836312,-0.03258328,0.038624913,0.004066418,0.041840557
Sample_4554_DH_2_CTACCTGCAGTCGGTC-1,7.0777696e-06,-3.899462e-06,3.3335896e-06,2.651112e-06,4.561498e-07,1.4045166e-06,0.035151113,-0.12407192,-0.045002565,0.048649296,0.0031607074,0.03295541
Sample_4554_DH_2_CTCAGGGGTTTAGACC-1,9.174013e-06,-7.852988e-06,8.8330967e-07,1.7679578e-06,1.130558e-07,1.0566143e-06,0.027441388,-0.10560452,-0.04013855,0.04911925,0.002044709,0.037126526
Sample_4554_DH_2_CTCAGTCGTCTCGCGA-1,5.9862316e-08,-5.7864675e-08,4.713673e-09,3.4276717e-08,2.4373155e-09,1.0335267e-08,0.02711451,-0.11961433,-0.063054144,0.06350608,0.005755203,0.03641877
Sample_4554_DH_2_GACATCAAGAGTCAAT-1,0.0009390067,-0.0002925534,0.0010073702,0.00020854152,2.6645685e-05,0.00019548614,0.09741706,0.07181079,-0.0049545746,0.00064389175,0.0017405476,0.018356394
Sample_4554_DH_2_GAGGCCTCAAGAAACT-1,0.0009597519,-0.00030097537,0.001010063,0.00022397516,1.3087563e-05,0.00017509559,0.046155382,0.029072292,-0.011737123,0.0030423366,0.008344865,0.02935601
Sample_4554_DH_2_GAGGGATAGATTAGTG-1,6.6557085e-08,-6.447809e-08,-2.0853209e-08,3.1958734e-08,-7.671925e-10,4.78163e-09,0.019265471,-0.07605052,-0.09815791,0.07324462,0.003560375,0.032291405
Sample_4554_DH_2_GATAGCTGTGGATGAC-1,3.442933e-07,-3.565533e-07,3.84455e-07,1.2044633e-07,-3.832872e-08,1.258644e-07,0.042250246,-0.05665847,-0.014525756,0.026503466,0.004653721,0.0466849
Sample_4554_DH_2_GATTCTTGTATTGCCA-1,7.5125586e-06,-5.9387085e-06,7.685354e-07,2.399804e-06,-1.2933567e-07,6.9654334e-07,0.019930819,-0.08585317,-0.029559605,0.04365936,0.0022162923,0.03905614
Sample_4554_DH_2_GCGAGAAGTGAGCAGT-1,6.102681e-08,-5.8176713e-08,-2.232644e-08,2.4584446e-08,-1.3628487e-09,3.3084993e-09,0.023598464,-0.08936527,-0.14382614,0.111940816,0.0043828716,0.039317578
Sample_4554_DH_2_GGTGAAGTCTTAATCC-1,1.3744527e-06,-9.687249e-07,-5.660577e-07,1.1163745e-06,3.067066e-08,1.3739113e-07,0.031583264,-0.12924601,-0.06339219,0.0643578,0.0045657433,0.026602853
Sample_4554_DH_2_TACGCTCGTAACACCT-1,0.00083765195,-0.00026907743,0.0009037052,0.00018321787,1.6434446e-05,0.00015456443,0.026700243,0.05425597,-0.009769935,0.0034223436,0.008756704,0.026872724
Sample_4554_DH_2_TACGCTCGTATAGGGC-1,3.20264e-07,4.2791467e-06,6.035364e-06,8.371858e-07,6.398212e-07,1.5505326e-06,0.04153459,-0.14823708,-0.035788104,0.04506152,0.007540186,0.042193756
Sample_4554_DH_2_TCAAGTGCATCGGAGA-1,0.0004513062,-0.000119949924,0.00058886,0.00010643904,2.5578916e-05,0.00013883325,0.03175152,0.03492318,-0.004889449,0.0016276704,9.92124e-05,0.010988615
Sample_4554_DH_2_TCATGCCAGGTCATAA-1,0.00047132903,-0.00013444651,0.0005976158,0.00010965069,2.5611964e-05,0.00015078696,0.032651596,0.04072626,-0.0072845146,0.00093935756,0.003194639,0.013874396
Sample_4554_DH_2_TCATGCCGTGTTAAAG-1,1.7720448e-06,-1.4467528e-06,-3.8809503e-08,6.9681766e-07,3.3702612e-08,1.75307e-07,0.0322394,-0.12394937,-0.05179599,0.058557034,0.003999847,0.032681953
Sample_4554_DH_2_TCATGTTTCGCACTCT-1,0.001001503,-0.00041437015,0.0009735695,0.00013121223,1.2971239e-05,0.0001620228,0.019125488,0.04348526,-0.019843023,0.0025051907,0.008847675,0.038753547
Sample_4554_DH_2_TCGGGTGCAGGCTCTG-1,1.3959716e-07,-1.1293618e-07,2.4120254e-08,9.170738e-08,2.464727e-09,4.074083e-08,0.03739971,-0.13500462,-0.04584267,0.048781365,0.0058605894,0.036308914
Sample_4554_DH_2_TGAGGAGTCATCACCC-1,7.1746785e-05,-4.0017094e-05,3.5877652e-05,2.2099042e-05,2.9631778e-06,1.1048635e-05,0.036428638,-0.0784907,-0.011431865,0.025843129,0.0009077098,0.030372623
Sample_4554_DH_2_TTCATTGGTTGCATTG-1,0.001167503,-0.00038068084,0.0012206142,0.000267511,1.553713e-05,0.00018187065,0.01356359,0.03973157,-0.016377822,0.0031513125,0.0108162975,0.023687
Sample_4554_DH_2_TTCTTGACACTCAGAT-1,6.3096485e-07,-4.7923555e-07,-5.9455544e-08,3.7388617e-07,1.9676722e-08,6.998061e-08,0.04386868,-0.1337565,-0.07308896,0.06283046,0.003931687,0.029267065
Sample_4554_DH_2_TTTACTGTCCACATAG-1,0.00011746389,-3.5395336e-05,9.8297925e-05,4.8834852e-05,1.0250988e-05,3.124494e-05,0.027860012,-0.098225765,-0.024091192,0.01682327,0.0011327644,0.035641093
